sec,nanosec,time_s,x,y,z,qx,qy,qz,qw
169,400000000,169.4,-650.2807064093487,1037.152207124112,-0.11029029513053956,0.0,0.0,0.0,1.0
169,500000000,169.5,-1257.1835541401397,1832.8294253666163,-0.39348885275785506,0.0,0.0,0.0,1.0
169,600000000,169.6,-762.0996597867869,-208.63873836944492,-0.08297359198861898,0.0,0.0,0.0,1.0
169,700000000,169.7,376.75433171082483,2765.243332479132,-0.6387842441401972,0.0,0.0,0.0,1.0
169,800000000,169.8,1108.163336816535,-807.0150351803147,-0.1854875381921488,0.0,0.0,0.0,1.0
169,900000000,169.9,745.8497121829594,-29.67483171676478,-0.05081915307098228,0.0,0.0,0.0,1.0
170,0,170.0,-188.99087999225472,1195.1499696756036,-0.17282721319600114,0.0,0.0,0.0,1.0
170,100000000,170.1,-17.992501597906006,237.3958714083368,-0.03910169522943363,0.0,0.0,0.0,1.0
170,200000000,170.2,1206.834479620964,2931.6860657999105,-0.8015142872834531,0.0,0.0,0.0,1.0
170,300000000,170.3,1314.9922716366527,1315.9086062234862,-0.2954380933895209,0.0,0.0,0.0,1.0
170,400000000,170.4,-373.0215892696461,-17.581996833098994,-0.06113375136921029,0.0,0.0,0.0,1.0
170,500000000,170.5,-730.496436648085,2456.482367454912,-0.5341374746396923,0.0,0.0,0.0,1.0
170,600000000,170.6,2872.047792303586,987.6572119397993,-0.7386818527087371,0.0,0.0,0.0,1.0
170,700000000,170.7,1225.0219150666217,2253.9780530182693,-0.5788802239683264,0.0,0.0,0.0,1.0
170,800000000,170.8,1553.4106694384882,605.7093462041901,-0.25059561942089204,0.0,0.0,0.0,1.0
170,900000000,170.9,1650.163088401987,-36.46489625620636,-0.22883958949027416,0.0,0.0,0.0,1.0
171,0,171.0,1018.5195208839818,297.95942223381235,-0.11709272272170779,0.0,0.0,0.0,1.0
171,100000000,171.1,290.14663301598625,3226.0596636808505,-0.8025726825990205,0.0,0.0,0.0,1.0
171,200000000,171.2,851.2901032048328,1079.167246013632,-0.16101382941945985,0.0,0.0,0.0,1.0
171,300000000,171.3,1167.4781688261833,-2.1075278985027097,-0.14894801003039193,0.0,0.0,0.0,1.0
171,400000000,171.4,80.22773432794287,1101.0501326816316,-0.1296407097206611,0.0,0.0,0.0,1.0
171,500000000,171.5,-1183.7965941210668,-125.53160647095908,-0.1435615225783664,0.0,0.0,0.0,1.0
171,600000000,171.6,-1632.8602881230368,632.6572794267886,-0.3009173166059895,0.0,0.0,0.0,1.0
171,700000000,171.7,-940.5527028832561,-323.61473263899194,-0.08526043173193898,0.0,0.0,0.0,1.0
171,800000000,171.8,-311.0852477650086,-219.05500447552402,-0.02914945798599433,0.0,0.0,0.0,1.0
171,900000000,171.9,868.6534991250923,3099.2002145294177,-0.8070898157823194,0.0,0.0,0.0,1.0
172,0,172.0,529.4514547362777,1261.6886470552092,-0.17584649900391014,0.0,0.0,0.0,1.0
172,100000000,172.1,-459.9125101512809,905.9805503055029,-0.13715535113902888,0.0,0.0,0.0,1.0
172,200000000,172.2,-2524.0312699127458,1749.6680703295315,-0.7780672823955683,0.0,0.0,0.0,1.0
172,300000000,172.3,2700.5342302460394,100.12743931187029,-0.6047905861442402,0.0,0.0,0.0,1.0
172,400000000,172.4,-554.1980532515215,682.7067524082461,-0.10268298788759012,0.0,0.0,0.0,1.0
172,500000000,172.5,-13.085795743160276,999.3398534481944,-0.10760542946411533,0.0,0.0,0.0,1.0
172,600000000,172.6,33.58851516436746,-78.40701010551527,-0.03006256631232418,0.0,0.0,0.0,1.0
172,700000000,172.7,-320.6171021438527,-2245.6287859076256,-0.44717871462012226,0.0,0.0,0.0,1.0
172,800000000,172.8,1030.0583473083198,2482.9476932055795,-0.5710185344742058,0.0,0.0,0.0,1.0
172,900000000,172.9,1164.9056494002682,2033.9101651341039,-0.43325484680565296,0.0,0.0,0.0,1.0
173,0,173.0,1026.0586993900624,2318.020641187272,-0.5385417349939416,0.0,0.0,0.0,1.0
173,100000000,173.1,18.41844001805842,98.13437721928344,-0.060006853450644826,0.0,0.0,0.0,1.0
173,200000000,173.2,373.51325009852457,852.5262387652302,-0.11689839101495636,0.0,0.0,0.0,1.0
173,300000000,173.3,287.99989447389004,1996.7263899706832,-0.3563736657935124,0.0,0.0,0.0,1.0
173,400000000,173.4,820.1804051872766,737.2864574341636,-0.13075134384337161,0.0,0.0,0.0,1.0
173,500000000,173.5,748.9181330226796,-139.6455628045765,-0.06255050916828964,0.0,0.0,0.0,1.0
173,600000000,173.6,-119.5099074646846,1666.079068532538,-0.2326799005218163,0.0,0.0,0.0,1.0
173,700000000,173.7,603.4001062479554,54.561562755818414,-0.042391566587898666,0.0,0.0,0.0,1.0
173,800000000,173.8,1083.8880121022605,1322.3772822943859,-0.24279939226335046,0.0,0.0,0.0,1.0
173,900000000,173.9,216.29190944979234,3954.2646127943763,-1.2542058763701789,0.0,0.0,0.0,1.0
174,0,174.0,1957.1521045952036,1721.9507422036122,-0.5181446857477567,0.0,0.0,0.0,1.0
174,100000000,174.1,1707.3637958237705,1640.570728353321,-0.44033139082171147,0.0,0.0,0.0,1.0
174,200000000,174.2,-61.255058331531586,1470.376835278117,-0.1741934877990161,0.0,0.0,0.0,1.0
174,300000000,174.3,535.0452563026037,1814.9555901517597,-0.3371683620434851,0.0,0.0,0.0,1.0
174,400000000,174.4,872.1851443315527,947.233517309948,-0.17840330484591505,0.0,0.0,0.0,1.0
174,500000000,174.5,-501.90141058755273,-224.8300569545211,-0.06346250806083731,0.0,0.0,0.0,1.0
174,600000000,174.6,-188.79201984115696,1534.269626338294,-0.20717548961863486,0.0,0.0,0.0,1.0
174,700000000,174.7,177.8144811968179,1584.2505253355519,-0.25119067614218693,0.0,0.0,0.0,1.0
174,800000000,174.8,-2262.276034950066,141.67178557213967,-0.43677504604032436,0.0,0.0,0.0,1.0
174,900000000,174.9,-789.6179813268736,1151.8951058408668,-0.15386780315100168,0.0,0.0,0.0,1.0
175,0,175.0,1621.0446990548305,350.06126579186423,-0.20662119887887798,0.0,0.0,0.0,1.0
175,100000000,175.1,-758.3673771738236,-582.4835920233165,-0.07975452739765387,0.0,0.0,0.0,1.0
175,200000000,175.2,389.9958915546031,1797.227102376065,-0.2613947486578354,0.0,0.0,0.0,1.0
175,300000000,175.3,-1014.7433038954402,3095.111598204506,-0.8391422135812263,0.0,0.0,0.0,1.0
175,400000000,175.4,354.705446683096,1603.8904792951407,-0.21292404615780924,0.0,0.0,0.0,1.0
175,500000000,175.5,1187.369172624304,1405.3287899598233,-0.2796933921518985,0.0,0.0,0.0,1.0
175,600000000,175.6,922.7820427546277,1087.3990567791225,-0.1866786949086645,0.0,0.0,0.0,1.0
175,700000000,175.7,-584.2021207026116,-829.3666584783691,-0.09383117904434357,0.0,0.0,0.0,1.0
175,800000000,175.8,-514.9982089485738,728.3438806700884,-0.07866893765668692,0.0,0.0,0.0,1.0
175,900000000,175.9,1781.6312299001734,-450.7153596938657,-0.2682239317043127,0.0,0.0,0.0,1.0
176,0,176.0,638.9152233973887,1840.7627698141532,-0.30926947716091036,0.0,0.0,0.0,1.0
176,100000000,176.1,395.4631628379126,383.3348265711461,-0.029967307024634238,0.0,0.0,0.0,1.0
176,200000000,176.2,-346.21265008530156,849.1181194121639,-0.08442857720319807,0.0,0.0,0.0,1.0
176,300000000,176.3,1657.822963444145,3037.6302374852003,-0.9708547890386399,0.0,0.0,0.0,1.0
176,400000000,176.4,485.2136698162806,1097.9689496525468,-0.13476588962748792,0.0,0.0,0.0,1.0
176,500000000,176.5,476.3034696760122,1622.0262056263937,-0.22948731380949994,0.0,0.0,0.0,1.0
176,600000000,176.6,-108.09177835799301,-762.4022823869371,-0.10427948392384678,0.0,0.0,0.0,1.0
176,700000000,176.7,779.9582808698025,718.9807272487981,-0.0642200017121013,0.0,0.0,0.0,1.0
176,800000000,176.8,563.0463694181352,-299.62995660397297,-0.05724642378055478,0.0,0.0,0.0,1.0
176,900000000,176.9,829.6308258354707,630.5732253388039,-0.11562110445805729,0.0,0.0,0.0,1.0
177,0,177.0,280.8748838394464,1335.6881446665525,-0.18772985925625107,0.0,0.0,0.0,1.0
177,100000000,177.1,607.8086447825654,986.0229336257526,-0.14263340453004503,0.0,0.0,0.0,1.0
177,200000000,177.2,2284.870850426528,1144.2173331199942,-0.5145224913088668,0.0,0.0,0.0,1.0
177,300000000,177.3,1087.8960133946334,1592.7232612412913,-0.3012278562572419,0.0,0.0,0.0,1.0
177,400000000,177.4,1978.2031924531602,708.7842434254445,-0.372489816715472,0.0,0.0,0.0,1.0
177,500000000,177.5,1313.1974713063873,647.165246301301,-0.15969061090578407,0.0,0.0,0.0,1.0
177,600000000,177.6,782.0900450342252,-377.79926428939575,-0.049903499862722356,0.0,0.0,0.0,1.0
177,700000000,177.7,421.39339310626434,932.3979858370292,-0.11135609231524768,0.0,0.0,0.0,1.0
177,800000000,177.8,1536.779547316566,1295.306153598899,-0.3028006423368197,0.0,0.0,0.0,1.0
177,900000000,177.9,-490.1907184727952,-434.80837255919135,-0.07565438003905456,0.0,0.0,0.0,1.0
178,0,178.0,306.7793346628963,1137.4656541896732,-0.13888575586793195,0.0,0.0,0.0,1.0
178,100000000,178.1,552.662697827484,2167.601486617155,-0.4208288515026197,0.0,0.0,0.0,1.0
178,200000000,178.2,-1164.054064225566,3725.9836992851415,-1.1960749401835074,0.0,0.0,0.0,1.0
178,300000000,178.3,384.326476047077,1558.0871023025434,-0.19708948595166476,0.0,0.0,0.0,1.0
178,400000000,178.4,-126.11112062344695,618.2473846419007,-0.05870208466205895,0.0,0.0,0.0,1.0
178,500000000,178.5,507.6518515100731,934.1155343753259,-0.09544116138067693,0.0,0.0,0.0,1.0
178,600000000,178.6,-188.62734238248834,567.9243425028279,-0.047229372700257954,0.0,0.0,0.0,1.0
178,700000000,178.7,-77.45622653253668,3422.694130796983,-0.9420474533581,0.0,0.0,0.0,1.0
178,800000000,178.8,1785.559067785067,1489.145537823415,-0.4480890765166805,0.0,0.0,0.0,1.0
178,900000000,178.9,1117.0664164782945,588.4327040993857,-0.14393710972984763,0.0,0.0,0.0,1.0
179,0,179.0,1303.349511390271,1720.4034187390744,-0.3997873734615496,0.0,0.0,0.0,1.0
179,100000000,179.1,-795.2600311194448,1194.756865832962,-0.15380528685170702,0.0,0.0,0.0,1.0
179,200000000,179.2,1015.5282923010003,-293.8255979764427,-0.09766844684182274,0.0,0.0,0.0,1.0
179,300000000,179.3,1641.6886858605012,923.1672118529061,-0.32079241997740837,0.0,0.0,0.0,1.0
179,400000000,179.4,1990.6014516994792,3120.2255597400426,-1.0644496847164646,0.0,0.0,0.0,1.0
179,500000000,179.5,950.9884253605063,-1259.0757998519275,-0.22099297186650801,0.0,0.0,0.0,1.0
179,600000000,179.6,235.5967806676204,-18.154888212318056,-0.012194529032479196,0.0,0.0,0.0,1.0
179,700000000,179.7,-108.29998847089762,-567.7156166456994,-0.028098262364096627,0.0,0.0,0.0,1.0
179,800000000,179.8,374.9621667566173,-412.462023125669,-0.03796893358284592,0.0,0.0,0.0,1.0
179,900000000,179.9,1354.206947177704,-176.43152695808274,-0.15864051477240082,0.0,0.0,0.0,1.0
180,0,180.0,-976.7252991618229,1158.8499285440207,-0.22854938088357812,0.0,0.0,0.0,1.0
180,100000000,180.1,-1001.4606567880763,759.8499103696549,-0.14274210727529635,0.0,0.0,0.0,1.0
180,200000000,180.2,-383.65941861494787,-2055.641482834452,-0.3234793987675175,0.0,0.0,0.0,1.0
180,300000000,180.3,1584.103705729061,479.7881292903801,-0.2046853158004467,0.0,0.0,0.0,1.0
180,400000000,180.4,116.4257575243717,879.6668393365717,-0.11206779336350792,0.0,0.0,0.0,1.0
180,500000000,180.5,-397.01536728150245,1003.5166494647463,-0.1255798319369319,0.0,0.0,0.0,1.0
180,600000000,180.6,-399.3187764040084,1159.7356454957826,-0.1441416615932667,0.0,0.0,0.0,1.0
180,700000000,180.7,-1240.8994450018597,778.5241936605746,-0.1592523986439005,0.0,0.0,0.0,1.0
180,800000000,180.8,-260.62127709888824,1241.875469526155,-0.1423652938410669,0.0,0.0,0.0,1.0
180,900000000,180.9,1072.9513314581104,2291.638262180308,-0.5174035988823107,0.0,0.0,0.0,1.0
181,0,181.0,481.2041677035303,2501.409352384496,-0.53915221798934,0.0,0.0,0.0,1.0
181,100000000,181.1,1019.253927341309,1826.4620226355278,-0.3395650764949778,0.0,0.0,0.0,1.0
181,200000000,181.2,1982.10179036527,241.6246159129841,-0.3190667087080783,0.0,0.0,0.0,1.0
181,300000000,181.3,1165.055546564036,1152.2886768248181,-0.2298404330226731,0.0,0.0,0.0,1.0
181,400000000,181.4,-125.37748203177395,880.1327581812308,-0.08660902537764059,0.0,0.0,0.0,1.0
181,500000000,181.5,185.86620782585612,1592.276842067461,-0.24834868213258687,0.0,0.0,0.0,1.0
181,600000000,181.6,911.5050135106443,2493.2062503722673,-0.5592643183097152,0.0,0.0,0.0,1.0
181,700000000,181.7,1153.7487295966896,797.9926789523786,-0.15933210099439066,0.0,0.0,0.0,1.0
181,800000000,181.8,-8.476624234947119,-71.38512892818974,-0.03865354028747703,0.0,0.0,0.0,1.0
181,900000000,181.9,185.00110834780628,2231.122862787628,-0.42810588020506657,0.0,0.0,0.0,1.0
182,0,182.0,1331.8673588814781,1471.2744505172107,-0.34915246636739994,0.0,0.0,0.0,1.0
182,100000000,182.1,431.86338805734283,1043.2965383690687,-0.11525901802235694,0.0,0.0,0.0,1.0
182,200000000,182.2,1312.0904073435447,533.5956079524825,-0.18968780134912322,0.0,0.0,0.0,1.0
182,300000000,182.3,1311.3350124706335,2164.314306482765,-0.4986362376705529,0.0,0.0,0.0,1.0
182,400000000,182.4,-135.59785029634799,2013.0550995533192,-0.3224690144310216,0.0,0.0,0.0,1.0
182,500000000,182.5,212.33494631291552,1609.0418117339814,-0.22730005523123964,0.0,0.0,0.0,1.0
182,600000000,182.6,-99.4689150378621,817.3418060282747,-0.09435456630365024,0.0,0.0,0.0,1.0
182,700000000,182.7,-440.6275474070404,774.0646514508364,-0.08050145544422094,0.0,0.0,0.0,1.0
182,800000000,182.8,-1454.3576882909638,617.1257691254216,-0.2083370327513876,0.0,0.0,0.0,1.0
182,900000000,182.9,1580.4998169419036,1117.3643140624388,-0.33165375449232215,0.0,0.0,0.0,1.0
183,0,183.0,1318.717157244972,-392.25925240985816,-0.17244453007083393,0.0,0.0,0.0,1.0
183,100000000,183.1,308.7252781027097,1238.223582700837,-0.15180020666082328,0.0,0.0,0.0,1.0
183,200000000,183.2,736.4981969031537,-730.9872697354368,-0.12870012504765782,0.0,0.0,0.0,1.0
183,300000000,183.3,-5.613396092081587,-1229.0846696670203,-0.14661540563645303,0.0,0.0,0.0,1.0
183,400000000,183.4,-1106.5934613751358,2442.152916774602,-0.5916292451522622,0.0,0.0,0.0,1.0
183,500000000,183.5,144.02389440735834,675.4076704907068,-0.03998956678105969,0.0,0.0,0.0,1.0
183,600000000,183.6,-619.3477045224076,2602.042458090119,-0.5735849329828397,0.0,0.0,0.0,1.0
183,700000000,183.7,-523.9459133437424,222.90186561528606,-0.04733735038520592,0.0,0.0,0.0,1.0
183,800000000,183.8,401.69150260868133,2241.4178377541784,-0.42173762755692223,0.0,0.0,0.0,1.0
183,900000000,183.9,796.007647416336,-190.88101739014726,-0.03056762861697848,0.0,0.0,0.0,1.0
184,0,184.0,-369.5145509754254,1954.7291572279885,-0.3303477444113696,0.0,0.0,0.0,1.0
184,100000000,184.1,656.2800254388901,523.3871266547237,-0.08606610213911381,0.0,0.0,0.0,1.0
184,200000000,184.2,-341.49466827516085,945.6064640479023,-0.07319846588615064,0.0,0.0,0.0,1.0
184,300000000,184.3,1348.7769018380484,1690.416295235717,-0.3776034522974214,0.0,0.0,0.0,1.0
184,400000000,184.4,-991.1370632467781,-140.0024724016148,-0.0977401041750312,0.0,0.0,0.0,1.0
184,500000000,184.5,-47.84812669936599,1149.3096595737295,-0.12003043784363854,0.0,0.0,0.0,1.0
184,600000000,184.6,-319.86512082267836,-565.7424340635939,-0.08691387418122076,0.0,0.0,0.0,1.0
184,700000000,184.7,-543.6898664632495,160.93691748033535,-0.046142550740867705,0.0,0.0,0.0,1.0
184,800000000,184.8,1069.5819259110085,1042.2972149749658,-0.19893340110820645,0.0,0.0,0.0,1.0
184,900000000,184.9,142.15544836038563,1340.1087498952068,-0.12610075497377693,0.0,0.0,0.0,1.0
185,0,185.0,-1036.8337858493142,1501.4654823361789,-0.2773096097762391,0.0,0.0,0.0,1.0
185,100000000,185.1,561.7319626932463,2200.1393011238783,-0.4303427734748766,0.0,0.0,0.0,1.0
185,200000000,185.2,159.98811139660205,890.8871025132099,-0.08649173160830514,0.0,0.0,0.0,1.0
185,300000000,185.3,519.4294554237173,2092.761386165598,-0.41005812364289795,0.0,0.0,0.0,1.0
185,400000000,185.4,-659.5969507403338,1865.4033509794667,-0.30231084224601545,0.0,0.0,0.0,1.0
185,500000000,185.5,883.8711144037107,1497.613194779453,-0.24210662316568232,0.0,0.0,0.0,1.0
185,600000000,185.6,1124.8749528492629,84.75029968714584,-0.11056342881591519,0.0,0.0,0.0,1.0
185,700000000,185.7,1804.9076729726369,430.8357045757105,-0.3263196249974101,0.0,0.0,0.0,1.0
185,800000000,185.8,414.82896364924443,1167.0845317850983,-0.1316895889034413,0.0,0.0,0.0,1.0
185,900000000,185.9,-628.9958364635877,2453.142801493516,-0.507946848476422,0.0,0.0,0.0,1.0
186,0,186.0,-49.94177430811018,1048.762225496539,-0.1253426588785942,0.0,0.0,0.0,1.0
186,100000000,186.1,31.060674157507123,370.54462644232615,-0.05890549731660144,0.0,0.0,0.0,1.0
186,200000000,186.2,-828.9258346768601,2008.2597500245201,-0.40144687520171374,0.0,0.0,0.0,1.0
186,300000000,186.3,157.20693044573477,1950.17683982883,-0.32746391653404316,0.0,0.0,0.0,1.0
186,400000000,186.4,-205.56680122079402,316.2099468326476,0.017440593614622912,0.0,0.0,0.0,1.0
186,500000000,186.5,296.6919928895194,1170.1480663284078,-0.1418647382479321,0.0,0.0,0.0,1.0
186,600000000,186.6,622.1456343918343,-1.9698259400055633,-0.07854462936905149,0.0,0.0,0.0,1.0
186,700000000,186.7,338.9748669779217,1241.325632095001,-0.13444008674991892,0.0,0.0,0.0,1.0
186,800000000,186.8,732.4523850061483,1820.1449507659258,-0.2960206028669745,0.0,0.0,0.0,1.0
186,900000000,186.9,52.9465529834715,-298.00435063792173,-0.036573641444476834,0.0,0.0,0.0,1.0
187,0,187.0,1438.225438844133,891.9772028885623,-0.27756301226168034,0.0,0.0,0.0,1.0
187,100000000,187.1,-530.6045847333199,379.7943832332328,-0.028108912801371844,0.0,0.0,0.0,1.0
187,200000000,187.2,-276.7862603967852,-896.36323334307,-0.08544549077276997,0.0,0.0,0.0,1.0
187,300000000,187.3,1790.4122588987425,281.050143568465,-0.25909750059591374,0.0,0.0,0.0,1.0
187,400000000,187.4,1107.6288923759537,-617.4448640298059,-0.1236631080839743,0.0,0.0,0.0,1.0
187,500000000,187.5,805.4253054733423,1492.1497762712224,-0.24901802382464666,0.0,0.0,0.0,1.0
187,600000000,187.6,73.76516487509718,-466.8227939395907,-0.029427501459821315,0.0,0.0,0.0,1.0
187,700000000,187.7,2471.663641178272,-874.030925375549,-0.5642567619589727,0.0,0.0,0.0,1.0
187,800000000,187.8,102.74787376071504,-951.4275733917982,-0.06998539201259746,0.0,0.0,0.0,1.0
187,900000000,187.9,1135.5597497774875,2362.7824299844197,-0.5340099480347362,0.0,0.0,0.0,1.0
188,0,188.0,875.3170090553256,340.35396068715625,-0.08624642847087216,0.0,0.0,0.0,1.0
188,100000000,188.1,677.4771427771266,-41.814416356413815,-0.065660162898034,0.0,0.0,0.0,1.0
188,200000000,188.2,613.3266182182056,5.513301791293806,-0.057960925682950304,0.0,0.0,0.0,1.0
188,300000000,188.3,1753.367129219314,370.06103736261014,-0.2631731930318324,0.0,0.0,0.0,1.0
188,400000000,188.4,697.300778093779,396.18183933273815,-0.05940941754391815,0.0,0.0,0.0,1.0
188,500000000,188.5,-866.5629992708713,666.7014060572803,-0.10841745283852333,0.0,0.0,0.0,1.0
188,600000000,188.6,-208.63035762774547,-474.43409129193407,-0.04659870064540428,0.0,0.0,0.0,1.0
188,700000000,188.7,1375.6228991900089,2543.9521265975823,-0.7005028909070461,0.0,0.0,0.0,1.0
188,800000000,188.8,1648.8043325289518,-1192.5189684330317,-0.35956377338538914,0.0,0.0,0.0,1.0
188,900000000,188.9,-307.7089964290826,8.184619350965178,-0.012713159707764543,0.0,0.0,0.0,1.0
189,0,189.0,-159.47158707795003,1014.7627649012854,-0.08505585680154581,0.0,0.0,0.0,1.0
189,100000000,189.1,1531.192377480335,1226.2779593697978,-0.31166761207020954,0.0,0.0,0.0,1.0
189,200000000,189.2,-967.9139972900988,1609.1939404779018,-0.28611379661606406,0.0,0.0,0.0,1.0
189,300000000,189.3,2253.7858476253305,-1466.6107398637043,-0.5913355610122153,0.0,0.0,0.0,1.0
189,400000000,189.4,1039.9858745666584,1076.6944641002794,-0.18130132594069437,0.0,0.0,0.0,1.0
189,500000000,189.5,10.636594722003906,2828.641101468417,-0.6739994949839456,0.0,0.0,0.0,1.0
189,600000000,189.6,546.3606563614098,530.9690236481512,-0.07214487345714815,0.0,0.0,0.0,1.0
189,700000000,189.7,-207.17309192781408,2551.6392812354597,-0.5270639053005652,0.0,0.0,0.0,1.0
189,800000000,189.8,0.3818594025800621,2348.659036697827,-0.45940831864254505,0.0,0.0,0.0,1.0
189,900000000,189.9,821.71907903005,2754.819916066074,-0.6898682824323714,0.0,0.0,0.0,1.0
190,0,190.0,651.862618256578,1408.7656053394394,-0.24049017368145087,0.0,0.0,0.0,1.0
190,100000000,190.1,-168.52406604196872,-555.8548034595684,-0.039775018981970334,0.0,0.0,0.0,1.0
190,200000000,190.2,-1008.5721214463425,1244.8082680753853,-0.22807892977721167,0.0,0.0,0.0,1.0
190,300000000,190.3,-128.0883346236874,1866.1891009910437,-0.3076863963822234,0.0,0.0,0.0,1.0
190,400000000,190.4,1062.9845623093117,1684.282293764099,-0.332960670208422,0.0,0.0,0.0,1.0
190,500000000,190.5,-351.17324672777465,2596.2382869005155,-0.5764279686070495,0.0,0.0,0.0,1.0
190,600000000,190.6,1608.2257377479273,3008.9558150214134,-0.9293007221353946,0.0,0.0,0.0,1.0
190,700000000,190.7,565.5603127679495,-109.55525216517455,-0.02515492789110141,0.0,0.0,0.0,1.0
190,800000000,190.8,874.3728221719455,-963.8474682441532,-0.08044301128518327,0.0,0.0,0.0,1.0
190,900000000,190.9,1990.8134723415474,1080.4297096657008,-0.3722447368527355,0.0,0.0,0.0,1.0
191,0,191.0,1206.6065596680055,425.50916287148266,-0.03489928004358944,0.0,0.0,0.0,1.0
191,100000000,191.1,969.0640844679829,2252.795896736273,-0.33052513402299155,0.0,0.0,0.0,1.0
191,200000000,191.2,-514.0099102178672,-278.3691528177945,0.20115465664011367,0.0,0.0,0.0,1.0
191,300000000,191.3,-1337.8249837249796,1468.771079652714,-0.05663601645971994,0.0,0.0,0.0,1.0
191,400000000,191.4,-235.4410238572369,108.90108952757485,0.3240373957315015,0.0,0.0,0.0,1.0
191,500000000,191.5,1136.8965742263322,728.1486374720733,0.2913175896960638,0.0,0.0,0.0,1.0
191,600000000,191.6,-671.725757848789,157.7665413089194,0.49116569224594286,0.0,0.0,0.0,1.0
191,700000000,191.7,-453.4196448950553,1232.5675087836066,0.5001842084767532,0.0,0.0,0.0,1.0
191,800000000,191.8,2156.172082320458,1369.9557050484918,0.22477707867085428,0.0,0.0,0.0,1.0
191,900000000,191.9,2251.330740679139,1603.7750111425187,0.2760254025362201,0.0,0.0,0.0,1.0
192,0,192.0,-124.9357213383368,2006.2461329645757,0.6908009420172903,0.0,0.0,0.0,1.0
192,100000000,192.1,1613.9138473907246,535.3430356199115,0.9506463563325838,0.0,0.0,0.0,1.0
192,200000000,192.2,-454.9344700216891,2800.8902782320297,0.7469401926309729,0.0,0.0,0.0,1.0
192,300000000,192.3,1434.055388582381,-707.9138690569777,1.3145388151277189,0.0,0.0,0.0,1.0
192,400000000,192.4,667.9664423976864,-389.4685007388632,1.6179682106019868,0.0,0.0,0.0,1.0
192,500000000,192.5,-1172.7464163041752,-50.89210041050839,1.777327392087301,0.0,0.0,0.0,1.0
192,600000000,192.6,629.8239679312962,356.8330489943739,2.0620445327901678,0.0,0.0,0.0,1.0
192,700000000,192.7,-107.79202812609667,-786.0656733731917,2.243298491887799,0.0,0.0,0.0,1.0
192,800000000,192.8,711.9729500333196,765.6801665596389,2.431005189741711,0.0,0.0,0.0,1.0
192,900000000,192.9,-4.2501343615309395,286.9719253843694,2.720740978166475,0.0,0.0,0.0,1.0
193,0,193.0,-937.2796617634048,857.0808337770748,2.8374410430051284,0.0,0.0,0.0,1.0
193,100000000,193.1,-221.75413006214234,-19.4475908516026,3.156807544764054,0.0,0.0,0.0,1.0
193,200000000,193.2,-643.4622846762386,919.9291140292127,3.299239511801545,0.0,0.0,0.0,1.0
193,300000000,193.3,1442.2430206793179,-130.33461760569335,3.3731289831045004,0.0,0.0,0.0,1.0
193,400000000,193.4,229.1462187049853,893.8485538420455,3.6804956461418783,0.0,0.0,0.0,1.0
193,500000000,193.5,-30.41166577512856,150.88459357788642,3.910732785513062,0.0,0.0,0.0,1.0
193,600000000,193.6,144.65668369736872,1348.6457950372653,3.911570951149315,0.0,0.0,0.0,1.0
193,700000000,193.7,-2.373239755369923,876.4716720485906,4.1059759097691995,0.0,0.0,0.0,1.0
193,800000000,193.8,131.67029081705766,1071.301452884828,4.2277389011128435,0.0,0.0,0.0,1.0
193,900000000,193.9,384.6317466859087,1896.7440260383821,4.1551971378867165,0.0,0.0,0.0,1.0
194,0,194.0,65.6179766529211,1011.9246736282439,4.439353498685534,0.0,0.0,0.0,1.0
194,100000000,194.1,386.4740107325494,745.1123763641698,4.55642344627978,0.0,0.0,0.0,1.0
194,200000000,194.2,1012.259116549989,2069.7893475594515,4.281105431785136,0.0,0.0,0.0,1.0
194,300000000,194.3,715.7095363716094,789.5551474614756,4.68286423717268,0.0,0.0,0.0,1.0
194,400000000,194.4,441.0398679819747,3010.6660118699997,4.118142767030577,0.0,0.0,0.0,1.0
194,500000000,194.5,-133.1960094632767,1517.7811949785705,4.742967866755862,0.0,0.0,0.0,1.0
194,600000000,194.6,580.0083625885885,-1526.562773320913,4.736092534891668,0.0,0.0,0.0,1.0
194,700000000,194.7,1101.2711320365554,529.3377001517416,4.857961105871965,0.0,0.0,0.0,1.0
194,800000000,194.8,-234.55675507327834,1152.7630700291907,4.917188524877361,0.0,0.0,0.0,1.0
194,900000000,194.9,1074.6507725121473,569.6105276323457,4.904809372779937,0.0,0.0,0.0,1.0
195,0,195.0,853.9748787553403,1555.7680911466919,4.789792175429056,0.0,0.0,0.0,1.0
195,100000000,195.1,-743.8373730595573,2159.3764262563204,4.633551376597097,0.0,0.0,0.0,1.0
195,200000000,195.2,-1335.1916425276563,1895.203399909903,4.610951396164069,0.0,0.0,0.0,1.0
195,300000000,195.3,-368.50820518973694,-425.41242699366035,4.96216150061764,0.0,0.0,0.0,1.0
195,400000000,195.4,926.8446462708275,414.2878265751767,4.928548524836401,0.0,0.0,0.0,1.0
195,500000000,195.5,998.30889233519,2465.0050201045287,4.463092341198035,0.0,0.0,0.0,1.0
195,600000000,195.6,-128.42196216094163,654.4404716380857,4.981122221404348,0.0,0.0,0.0,1.0
195,700000000,195.7,-746.9640552001189,2958.636543297981,4.262897011317136,0.0,0.0,0.0,1.0
195,800000000,195.8,218.82469151287967,2300.9971437074614,4.5676764834393,0.0,0.0,0.0,1.0
195,900000000,195.9,-1447.673558996114,1332.100407749034,4.661788261248148,0.0,0.0,0.0,1.0
196,0,196.0,-486.97979669192483,1404.9660210037277,4.78295205659731,0.0,0.0,0.0,1.0
196,100000000,196.1,2623.7987226460536,1407.317225962063,4.281933984217517,0.0,0.0,0.0,1.0
196,200000000,196.2,803.1765627067382,1351.1877188328185,4.804715243923056,0.0,0.0,0.0,1.0
196,300000000,196.3,909.6920109638247,144.73725319092762,4.886628202995055,0.0,0.0,0.0,1.0
196,400000000,196.4,-638.5583743806061,1078.8850942026888,4.890924070082633,0.0,0.0,0.0,1.0
196,500000000,196.5,2269.7906819690475,571.4527814315134,4.538378200496538,0.0,0.0,0.0,1.0
196,600000000,196.6,1442.613249917004,3103.912743783232,4.034545755632962,0.0,0.0,0.0,1.0
196,700000000,196.7,360.7692220271644,1029.3578168944741,4.885088787914242,0.0,0.0,0.0,1.0
196,800000000,196.8,185.12624228260083,1398.0468601577181,4.818992042116292,0.0,0.0,0.0,1.0
196,900000000,196.9,990.6367772190981,407.6461167343484,4.886826967956381,0.0,0.0,0.0,1.0
197,0,197.0,1607.0498928798909,1763.607827094486,4.502530605765628,0.0,0.0,0.0,1.0
197,100000000,197.1,-125.53354461085814,1877.7684453986185,4.668236907818255,0.0,0.0,0.0,1.0
197,200000000,197.2,-1089.28763144711,2932.926698186844,4.196888364159577,0.0,0.0,0.0,1.0
197,300000000,197.3,1928.6229875666104,1686.4875132978432,4.4802160766995485,0.0,0.0,0.0,1.0
197,400000000,197.4,-610.3892231854461,1611.1624320675146,4.738493308266243,0.0,0.0,0.0,1.0
197,500000000,197.5,512.933193617628,2351.5732600143,4.510669432685063,0.0,0.0,0.0,1.0
197,600000000,197.6,-412.1515025192639,-4.725031817921141,4.970653123849913,0.0,0.0,0.0,1.0
197,700000000,197.7,89.2873368069862,77.96671382192972,4.952109708887022,0.0,0.0,0.0,1.0
197,800000000,197.8,947.6597388523023,1466.2217101703745,4.741194228809036,0.0,0.0,0.0,1.0
197,900000000,197.9,582.0975538128913,-125.97097696282998,4.921329892229664,0.0,0.0,0.0,1.0
198,0,198.0,-25.015298553527515,735.3328731484821,4.9046722562522405,0.0,0.0,0.0,1.0
198,100000000,198.1,873.6639604414296,1141.3237124495104,4.806260072469399,0.0,0.0,0.0,1.0
198,200000000,198.2,2378.18506629502,1140.374619595455,4.430182292990253,0.0,0.0,0.0,1.0
198,300000000,198.3,782.6355559370137,700.09624707423,4.876118899360961,0.0,0.0,0.0,1.0
198,400000000,198.4,633.5240694471167,1791.8113232263595,4.6857582216738365,0.0,0.0,0.0,1.0
198,500000000,198.5,-646.4584669193703,2113.4298674593347,4.55368322564027,0.0,0.0,0.0,1.0
198,600000000,198.6,1566.1568572965589,343.23858544895324,4.752329207308833,0.0,0.0,0.0,1.0
198,700000000,198.7,-520.3700999394894,1557.7491858191938,4.789479024792172,0.0,0.0,0.0,1.0
198,800000000,198.8,1029.6889857157198,792.1836998782802,4.841536788000383,0.0,0.0,0.0,1.0
198,900000000,198.9,-484.27968258544945,1649.3170858128174,4.737259119410169,0.0,0.0,0.0,1.0
199,0,199.0,-746.589137641163,1125.2749696099468,4.846113668988892,0.0,0.0,0.0,1.0
199,100000000,199.1,-18.903599356533107,517.8776282689239,4.929326062536148,0.0,0.0,0.0,1.0
199,200000000,199.2,686.3969605536358,15.901512915003824,4.932372021952892,0.0,0.0,0.0,1.0
199,300000000,199.3,-334.2843449031252,-215.1313726905724,4.949294388947408,0.0,0.0,0.0,1.0
199,400000000,199.4,434.2127498615343,-308.0680829666506,4.95645899966101,0.0,0.0,0.0,1.0
199,500000000,199.5,-432.8644394805409,1457.0114756156875,4.787891105066706,0.0,0.0,0.0,1.0
199,600000000,199.6,865.1978104092153,871.6427232844959,4.794341999107758,0.0,0.0,0.0,1.0
199,700000000,199.7,1454.172828615789,1097.8008465381183,4.726203392821958,0.0,0.0,0.0,1.0
199,800000000,199.8,-1250.5366233557745,455.0282150416326,4.83761898329459,0.0,0.0,0.0,1.0
199,900000000,199.9,592.7566813048237,1219.2798807528593,4.819240296610815,0.0,0.0,0.0,1.0
200,0,200.0,1299.6464410434521,2024.3078224266162,4.5418979407718325,0.0,0.0,0.0,1.0
200,100000000,200.1,142.73033751219194,236.26294449693847,4.968175485804508,0.0,0.0,0.0,1.0
200,200000000,200.2,-393.6102498761025,1447.266875952483,4.783452122365929,0.0,0.0,0.0,1.0
200,300000000,200.3,310.77358240681247,-62.91574550740455,4.962358760850158,0.0,0.0,0.0,1.0
200,400000000,200.4,1183.3873398994892,777.3078036066267,4.799441893451672,0.0,0.0,0.0,1.0
200,500000000,200.5,788.7406326501591,1318.1224615229548,4.7693134006740365,0.0,0.0,0.0,1.0
200,600000000,200.6,1069.0391179620462,-393.08055228867653,4.882374718885501,0.0,0.0,0.0,1.0
200,700000000,200.7,660.0338274947468,-1371.4241744589422,4.777330774899269,0.0,0.0,0.0,1.0
200,800000000,200.8,-748.2482709593158,1204.542374097228,4.805797429029099,0.0,0.0,0.0,1.0
200,900000000,200.9,-1401.2867145542712,3322.746997269361,3.956007982036226,0.0,0.0,0.0,1.0
201,0,201.0,1846.5059863979716,-153.7253991239857,4.718807512285949,0.0,0.0,0.0,1.0
201,100000000,201.1,-83.79271618346564,680.3503810617767,4.946881246988255,0.0,0.0,0.0,1.0
201,200000000,201.2,1146.3283388005332,395.4666786631982,4.8085097617603765,0.0,0.0,0.0,1.0
201,300000000,201.3,308.8363904691703,3026.9617818287506,4.225379333131741,0.0,0.0,0.0,1.0
201,400000000,201.4,-656.4758513038182,1473.7362770175182,4.780252851234309,0.0,0.0,0.0,1.0
201,500000000,201.5,450.6665797384545,1266.9954400281724,4.871915593060521,0.0,0.0,0.0,1.0
201,600000000,201.6,-697.3917095364426,1534.1000046774,4.753789343390281,0.0,0.0,0.0,1.0
201,700000000,201.7,821.614075741169,187.61122900474106,4.931354911333514,0.0,0.0,0.0,1.0
201,800000000,201.8,239.70675534558944,112.6383656787396,4.929152088678293,0.0,0.0,0.0,1.0
201,900000000,201.9,1100.4047730819952,866.1293526546278,4.833049207635156,0.0,0.0,0.0,1.0
202,0,202.0,46.621517022769424,216.94747078017076,4.9523492530302065,0.0,0.0,0.0,1.0
202,100000000,202.1,811.2298746167345,3517.6694012537746,3.9238792928540533,0.0,0.0,0.0,1.0
202,200000000,202.2,945.6918477165851,3261.578589057829,4.0851012105345035,0.0,0.0,0.0,1.0
202,300000000,202.3,849.8641151724901,33.00868568909004,4.921579220683409,0.0,0.0,0.0,1.0
202,400000000,202.4,-68.79710772368092,358.5508789408595,4.952946998383425,0.0,0.0,0.0,1.0
202,500000000,202.5,2172.879983362518,132.16750630483244,4.607273318590892,0.0,0.0,0.0,1.0
202,600000000,202.6,1014.5244414283537,111.27910232885831,4.90913876010071,0.0,0.0,0.0,1.0
202,700000000,202.7,827.0674122164344,169.50129519436484,4.889446436852111,0.0,0.0,0.0,1.0
202,800000000,202.8,73.3248792107097,1861.8642173642563,4.71787859114454,0.0,0.0,0.0,1.0
202,900000000,202.9,452.1616960717196,109.27081285718913,4.945193981319711,0.0,0.0,0.0,1.0
203,0,203.0,-642.825085270202,-63.845052578169174,4.928934150135603,0.0,0.0,0.0,1.0
203,100000000,203.1,831.575018975515,2042.355278307044,4.571969577982259,0.0,0.0,0.0,1.0
203,200000000,203.2,154.4983999534066,1959.1090918383911,4.67186047491839,0.0,0.0,0.0,1.0
203,300000000,203.3,217.949706464005,1359.367815063592,4.844980401177622,0.0,0.0,0.0,1.0
203,400000000,203.4,-384.35341521112264,1061.6208471124473,4.8700244874650025,0.0,0.0,0.0,1.0
203,500000000,203.5,361.0262129909305,880.0163386078503,4.87860190679271,0.0,0.0,0.0,1.0
203,600000000,203.6,934.5544952984493,1896.6963170158951,4.627235081813751,0.0,0.0,0.0,1.0
203,700000000,203.7,-218.7856832072145,1909.047236153082,4.666925445696961,0.0,0.0,0.0,1.0
203,800000000,203.8,592.7980333678115,1440.2122059181402,4.79718412528041,0.0,0.0,0.0,1.0
203,900000000,203.9,70.2962729940134,2100.9146993948534,4.622803218221065,0.0,0.0,0.0,1.0
204,0,204.0,1237.5697906417947,1824.5238952947316,4.58429348545576,0.0,0.0,0.0,1.0
204,100000000,204.1,281.8698740464986,254.77899916185044,4.962905952831477,0.0,0.0,0.0,1.0
204,200000000,204.2,1598.891915453885,1166.46874035834,4.633071612789308,0.0,0.0,0.0,1.0
204,300000000,204.3,1717.5008345034994,737.9757875636877,4.738636722159413,0.0,0.0,0.0,1.0
204,400000000,204.4,1524.5927438030192,425.7778916437795,4.763608176223158,0.0,0.0,0.0,1.0
204,500000000,204.5,-1046.7406160437706,192.2189881651575,4.88558440663563,0.0,0.0,0.0,1.0
204,600000000,204.6,1503.0285646326047,1307.6728290537005,4.668479405774747,0.0,0.0,0.0,1.0
204,700000000,204.7,-184.25417813284852,260.944038979683,4.934469074438709,0.0,0.0,0.0,1.0
204,800000000,204.8,232.75842636862671,-23.85716000440393,4.948160746580351,0.0,0.0,0.0,1.0
204,900000000,204.9,1796.0071823194808,3666.1683045727978,3.6682075057444763,0.0,0.0,0.0,1.0
205,0,205.0,334.8333445375097,1296.009121138662,4.838218070455696,0.0,0.0,0.0,1.0
205,100000000,205.1,-1055.630447755789,1589.4508274297432,4.685714344847952,0.0,0.0,0.0,1.0
205,200000000,205.2,-270.31385489942454,1011.1357085725026,4.882643338738717,0.0,0.0,0.0,1.0
205,300000000,205.3,1993.866754764006,1275.6615062854282,4.531969448639757,0.0,0.0,0.0,1.0
205,400000000,205.4,1644.022827613073,-1096.8807566477449,4.64241761615142,0.0,0.0,0.0,1.0
205,500000000,205.5,968.5004939550704,-224.39662126190632,4.907233981216564,0.0,0.0,0.0,1.0
205,600000000,205.6,1265.957540265057,2488.465003453871,4.356190070279581,0.0,0.0,0.0,1.0
205,700000000,205.7,949.7240461954322,2985.016748925653,4.202771730296945,0.0,0.0,0.0,1.0
205,800000000,205.8,837.0440436892908,1542.3734352437004,4.713850534587209,0.0,0.0,0.0,1.0
205,900000000,205.9,1657.152800542123,2422.51561342364,4.334123431710395,0.0,0.0,0.0,1.0
206,0,206.0,-1029.0048427744046,602.586553394894,4.850713029612962,0.0,0.0,0.0,1.0
206,100000000,206.1,-577.8098233581702,-243.1171893565255,4.937989208170421,0.0,0.0,0.0,1.0
206,200000000,206.2,-686.9593464363164,432.25413286555477,4.918224995879001,0.0,0.0,0.0,1.0
206,300000000,206.3,736.9544386921785,1619.0097440391755,4.755890212018926,0.0,0.0,0.0,1.0
206,400000000,206.4,-646.4036976850589,1525.4753203212977,4.784067514998014,0.0,0.0,0.0,1.0
206,500000000,206.5,483.1412147772635,-51.37823290427434,4.94590911916006,0.0,0.0,0.0,1.0
206,600000000,206.6,2080.787691612429,1835.831859194196,4.381460395164368,0.0,0.0,0.0,1.0
206,700000000,206.7,2106.5749210509816,2220.634850481724,4.237998521278087,0.0,0.0,0.0,1.0
206,800000000,206.8,1021.424830751669,1412.2302155604887,4.7038709221158115,0.0,0.0,0.0,1.0
206,900000000,206.9,849.2623410926651,-162.19378117265788,4.920654582194359,0.0,0.0,0.0,1.0
207,0,207.0,1344.140592269542,1857.5461132199762,4.557264398155439,0.0,0.0,0.0,1.0
207,100000000,207.1,326.7369728651753,1674.6570418888998,4.745480230868225,0.0,0.0,0.0,1.0
207,200000000,207.2,1423.1571569436144,2510.0927499207723,4.3369158723999135,0.0,0.0,0.0,1.0
207,300000000,207.3,-900.0690413268815,1280.4298470020362,4.768333999239189,0.0,0.0,0.0,1.0
207,400000000,207.4,794.7064338793424,-216.75259331115248,4.9289722023377465,0.0,0.0,0.0,1.0
207,500000000,207.5,-242.4048678411205,755.4287849325418,4.953434625780801,0.0,0.0,0.0,1.0
207,600000000,207.6,297.0371817711724,1342.3288877619866,4.860622034601761,0.0,0.0,0.0,1.0
207,700000000,207.7,-716.8774901485982,1384.1009360525886,4.783008790394888,0.0,0.0,0.0,1.0
207,800000000,207.8,723.340637222608,341.0068727167164,4.911971061553658,0.0,0.0,0.0,1.0
207,900000000,207.9,774.3240607108619,-579.9030215441978,4.917840137343148,0.0,0.0,0.0,1.0
208,0,208.0,802.3442698222175,2879.325384247344,4.276483409952334,0.0,0.0,0.0,1.0
208,100000000,208.1,355.1742047950056,627.62845699912,4.919389481487656,0.0,0.0,0.0,1.0
208,200000000,208.2,-1037.0503954206781,-15.348755790585276,4.899140428911721,0.0,0.0,0.0,1.0
208,300000000,208.3,850.5999178863466,4851.982558607403,3.064512597457451,0.0,0.0,0.0,1.0
208,400000000,208.4,646.8737324534762,868.1760591827167,4.885471520934857,0.0,0.0,0.0,1.0
208,500000000,208.5,563.6615831253168,35.82352807851298,4.957842251894185,0.0,0.0,0.0,1.0
208,600000000,208.6,-15.351521783016864,-572.1032340542224,4.970811796499163,0.0,0.0,0.0,1.0
208,700000000,208.7,233.82975806278267,1641.2534170210351,4.741030635352445,0.0,0.0,0.0,1.0
208,800000000,208.8,1100.8429942283324,1091.1590477962222,4.830903931577836,0.0,0.0,0.0,1.0
208,900000000,208.9,244.10008017653078,463.90107126740133,4.963575086218725,0.0,0.0,0.0,1.0
209,0,209.0,404.4313072597474,-908.277167997929,4.899048955989144,0.0,0.0,0.0,1.0
209,100000000,209.1,1240.3803368161982,808.1690969058592,4.802894214482649,0.0,0.0,0.0,1.0
209,200000000,209.2,-466.34813878261537,12.163309055150314,4.921422491133584,0.0,0.0,0.0,1.0
209,300000000,209.3,1505.0572983832876,2317.423825491082,4.351168942309187,0.0,0.0,0.0,1.0
209,400000000,209.4,-177.90301443149116,832.5677195783678,4.931102256144186,0.0,0.0,0.0,1.0
209,500000000,209.5,333.25540499280714,777.5634642597557,4.960130791449899,0.0,0.0,0.0,1.0
209,600000000,209.6,701.9163930721138,1512.3680592423507,4.713471260351071,0.0,0.0,0.0,1.0
209,700000000,209.7,-730.0384072843202,3378.5631360895136,4.039147722446614,0.0,0.0,0.0,1.0
209,800000000,209.8,-36.66049677338765,1507.5785145955383,4.821389659421243,0.0,0.0,0.0,1.0
209,900000000,209.9,-1385.681909512616,-657.8385642973597,4.7691757224096705,0.0,0.0,0.0,1.0
210,0,210.0,1884.739284938289,3647.0288839937157,3.6295427797210777,0.0,0.0,0.0,1.0
210,100000000,210.1,629.0599341968118,670.2562512597544,4.887202254654426,0.0,0.0,0.0,1.0
210,200000000,210.2,452.90196247097845,-1359.5682260784135,4.834099307939027,0.0,0.0,0.0,1.0
210,300000000,210.3,-1345.8044218495684,108.74387234872844,4.80487011244945,0.0,0.0,0.0,1.0
210,400000000,210.4,-299.6657254178675,883.2082914677987,4.89337306870334,0.0,0.0,0.0,1.0
210,500000000,210.5,1307.0223886937938,720.3057000911158,4.7435181968286315,0.0,0.0,0.0,1.0
210,600000000,210.6,1409.798614774225,-412.37755867138117,4.801299804043083,0.0,0.0,0.0,1.0
210,700000000,210.7,-774.2009216257201,414.9632047182163,4.916617594576479,0.0,0.0,0.0,1.0
210,800000000,210.8,-740.6340086313132,-895.4299097451924,4.847570691416934,0.0,0.0,0.0,1.0
210,900000000,210.9,73.61315909697001,740.0064350165027,4.9268119225127975,0.0,0.0,0.0,1.0
211,0,211.0,-1026.5341145592029,834.4884206622339,4.822944390546581,0.0,0.0,0.0,1.0
211,100000000,211.1,1558.0813231794464,1217.1834314648008,4.671472952162162,0.0,0.0,0.0,1.0
211,200000000,211.2,-338.85311170173975,2468.031605218022,4.506921381865368,0.0,0.0,0.0,1.0
211,300000000,211.3,-113.30801633253505,-231.51785185992847,4.9775617255024684,0.0,0.0,0.0,1.0
211,400000000,211.4,-323.2837274090698,2247.305490387594,4.537224819454195,0.0,0.0,0.0,1.0
211,500000000,211.5,1125.582326205985,1727.7864945019521,4.6398934596629715,0.0,0.0,0.0,1.0
211,600000000,211.6,615.0846499823709,190.4364907933267,4.938682056835361,0.0,0.0,0.0,1.0
211,700000000,211.7,1921.4417071835956,2217.950466946728,4.268246686765224,0.0,0.0,0.0,1.0
211,800000000,211.8,1040.107231226369,1053.5231106485455,4.815423264610843,0.0,0.0,0.0,1.0
211,900000000,211.9,1476.3172541252804,518.1194025446146,4.790943292992324,0.0,0.0,0.0,1.0
212,0,212.0,1308.0013782445885,1163.782455108096,4.680191104925029,0.0,0.0,0.0,1.0
212,100000000,212.1,1219.6207435946528,1715.7818793180759,4.616674828521809,0.0,0.0,0.0,1.0
212,200000000,212.2,-1077.92690540457,1356.0233183325904,4.720397120542998,0.0,0.0,0.0,1.0
212,300000000,212.3,514.5482036537906,1310.5673513497536,4.800229250211032,0.0,0.0,0.0,1.0
212,400000000,212.4,1395.6156890632956,1327.2772673715976,4.677690508963337,0.0,0.0,0.0,1.0
212,500000000,212.5,41.56858016432261,1591.357542082907,4.800283339702787,0.0,0.0,0.0,1.0
212,600000000,212.6,399.77932934985137,1280.3758282766576,4.810713408968809,0.0,0.0,0.0,1.0
212,700000000,212.7,-736.0607420731872,2127.199302265328,4.553732839757345,0.0,0.0,0.0,1.0
212,800000000,212.8,402.2039429768254,1436.644451311678,4.798215516816072,0.0,0.0,0.0,1.0
212,900000000,212.9,1088.4601768951954,3070.4566888663967,4.148413306335442,0.0,0.0,0.0,1.0
213,0,213.0,731.967214318162,848.1721481534989,4.851702321291668,0.0,0.0,0.0,1.0
213,100000000,213.1,527.0127493006873,2539.0625624217473,4.4539357697528885,0.0,0.0,0.0,1.0
213,200000000,213.2,-1137.7728635624942,1599.8647351456434,4.6746842561937,0.0,0.0,0.0,1.0
213,300000000,213.3,488.6122217422549,986.9645518603452,4.8595007450661,0.0,0.0,0.0,1.0
213,400000000,213.4,-70.57013191912966,1353.5814536503058,4.84194965344966,0.0,0.0,0.0,1.0
213,500000000,213.5,346.72291805170175,-1293.2141229771821,4.856141524716236,0.0,0.0,0.0,1.0
213,600000000,213.6,-525.366017797319,277.3568789804555,4.921378682364491,0.0,0.0,0.0,1.0
213,700000000,213.7,1062.35839878955,103.6173254390261,4.879643633080647,0.0,0.0,0.0,1.0
213,800000000,213.8,1641.21146711948,1632.4650933602222,4.539236125699745,0.0,0.0,0.0,1.0
213,900000000,213.9,405.0602329251109,400.3239078869444,4.968832371691519,0.0,0.0,0.0,1.0
214,0,214.0,935.5743882711095,1257.1737517968322,4.81457945192119,0.0,0.0,0.0,1.0
214,100000000,214.1,1482.6346298252865,293.37054144096516,4.773912570765134,0.0,0.0,0.0,1.0
214,200000000,214.2,1903.27119031044,640.8455528545641,4.648342402849266,0.0,0.0,0.0,1.0
214,300000000,214.3,95.25688717160386,1952.9908115142364,4.70414029266658,0.0,0.0,0.0,1.0
214,400000000,214.4,196.27190458400247,2133.0446693092563,4.583032175072162,0.0,0.0,0.0,1.0
214,500000000,214.5,1125.144738824858,2539.6191013071602,4.36897610812639,0.0,0.0,0.0,1.0
214,600000000,214.6,-1109.5148100370247,445.40235649182046,4.889312488700796,0.0,0.0,0.0,1.0
214,700000000,214.7,-1083.5584150591244,925.0073835155554,4.789962242905347,0.0,0.0,0.0,1.0
214,800000000,214.8,1664.4926974737991,2578.3912956983822,4.256009962171902,0.0,0.0,0.0,1.0
214,900000000,214.9,188.81023877775976,1059.4814137003386,4.8431220634800525,0.0,0.0,0.0,1.0
215,0,215.0,-1029.283762833727,3228.7653382803082,4.049405580063876,0.0,0.0,0.0,1.0
215,100000000,215.1,196.90774099701326,1056.4516628282531,4.89333302526876,0.0,0.0,0.0,1.0
215,200000000,215.2,1247.9917398302823,-895.0951992317025,4.809072436185886,0.0,0.0,0.0,1.0
215,300000000,215.3,1908.802477870899,1168.0740920659553,4.573461187228759,0.0,0.0,0.0,1.0
215,400000000,215.4,856.6347900171309,4007.866503887055,3.625262397459437,0.0,0.0,0.0,1.0
215,500000000,215.5,559.9064729459487,1787.1996777688491,4.7009204095030555,0.0,0.0,0.0,1.0
215,600000000,215.6,510.33751712350244,454.6686728529851,4.922554038790139,0.0,0.0,0.0,1.0
215,700000000,215.7,364.47008340684977,1913.03056156572,4.675846007124846,0.0,0.0,0.0,1.0
215,800000000,215.8,-306.7587548260293,859.2394008306367,4.940647907920493,0.0,0.0,0.0,1.0
215,900000000,215.9,981.2277181784816,1823.2295391065431,4.641486539959715,0.0,0.0,0.0,1.0
216,0,216.0,-814.7977927446641,1511.295089272846,4.777091813574316,0.0,0.0,0.0,1.0
216,100000000,216.1,1038.845260472945,225.68953350211575,4.881418424574804,0.0,0.0,0.0,1.0
216,200000000,216.2,673.1388042426313,719.860751425439,4.902816124082449,0.0,0.0,0.0,1.0
216,300000000,216.3,584.2449665287962,186.1146270924213,4.947255444064041,0.0,0.0,0.0,1.0
216,400000000,216.4,907.4853528160654,141.85566427710023,4.937474404661728,0.0,0.0,0.0,1.0
216,500000000,216.5,1469.1470433124312,3161.843351970941,4.01431246977063,0.0,0.0,0.0,1.0
216,600000000,216.6,746.3835903474336,-329.28233317204615,4.923561379350275,0.0,0.0,0.0,1.0
216,700000000,216.7,1641.2154540042577,3274.4665445214246,3.9334397965183143,0.0,0.0,0.0,1.0
216,800000000,216.8,1206.9236081661265,-439.8861111570135,4.884360885422126,0.0,0.0,0.0,1.0
216,900000000,216.9,153.56591333722668,-348.6794526252732,4.9736361662356785,0.0,0.0,0.0,1.0
217,0,217.0,1973.7104666540843,2332.3245812404684,4.280632069194098,0.0,0.0,0.0,1.0
217,100000000,217.1,76.33203865380204,753.4445146002837,4.960855047635448,0.0,0.0,0.0,1.0
217,200000000,217.2,-155.34768074599526,-1429.4073727602472,4.826516005264352,0.0,0.0,0.0,1.0
217,300000000,217.3,812.4378966276663,-580.0699574067403,4.941857964214478,0.0,0.0,0.0,1.0
217,400000000,217.4,1897.3589002770327,-853.0549942042549,4.647136458460977,0.0,0.0,0.0,1.0
217,500000000,217.5,780.4344547329765,3371.7861999151064,4.051330764370277,0.0,0.0,0.0,1.0
217,600000000,217.6,522.295269600134,892.6406727473282,4.9056969583512,0.0,0.0,0.0,1.0
217,700000000,217.7,1015.3900914806442,-579.4581821913717,4.8573434477589785,0.0,0.0,0.0,1.0
217,800000000,217.8,382.401135992479,364.3870846482806,4.943235682826838,0.0,0.0,0.0,1.0
217,900000000,217.9,-39.62576068225934,-111.25521203922693,4.998855837724676,0.0,0.0,0.0,1.0
218,0,218.0,-654.5453689637648,676.8936663906868,4.910913786402887,0.0,0.0,0.0,1.0
218,100000000,218.1,1412.9648279372784,-279.58181533383,4.794524423543322,0.0,0.0,0.0,1.0
218,200000000,218.2,-59.10074303636128,-1126.8253391895732,4.853339589310735,0.0,0.0,0.0,1.0
218,300000000,218.3,186.42975789967022,849.4056039253844,4.9132387274688085,0.0,0.0,0.0,1.0
218,400000000,218.4,-551.5110156712022,-297.0085304099816,4.964308434025128,0.0,0.0,0.0,1.0
218,500000000,218.5,57.69396766204118,-4.813828883534067,4.983772591009821,0.0,0.0,0.0,1.0
218,600000000,218.6,416.8715586579264,-287.2548018798784,4.9748988384876895,0.0,0.0,0.0,1.0
218,700000000,218.7,-1086.6761845973058,2221.243584539257,4.489516624909129,0.0,0.0,0.0,1.0
218,800000000,218.8,489.2060004509047,-361.98910398171256,4.924087477283422,0.0,0.0,0.0,1.0
218,900000000,218.9,1576.5501046249728,656.0846128980628,4.7886497796910135,0.0,0.0,0.0,1.0
219,0,219.0,-967.7569158092124,812.655723266091,4.863597929930052,0.0,0.0,0.0,1.0
219,100000000,219.1,-83.01045827169258,1387.5528611034729,4.833620357560449,0.0,0.0,0.0,1.0
219,200000000,219.2,-435.2667776163616,2349.2646779233974,4.541935567445989,0.0,0.0,0.0,1.0
219,300000000,219.3,1018.983779016633,764.8405998665276,4.840120595098085,0.0,0.0,0.0,1.0
219,400000000,219.4,1374.513589776721,1105.6162093434568,4.7551232910194585,0.0,0.0,0.0,1.0
219,500000000,219.5,770.9070373651184,1843.3449121780604,4.66337221219203,0.0,0.0,0.0,1.0
219,600000000,219.6,1959.1813677900698,1534.2139490482737,4.484115422008813,0.0,0.0,0.0,1.0
219,700000000,219.7,669.7858412882517,-790.805574805865,4.890462671222622,0.0,0.0,0.0,1.0
219,800000000,219.8,-1068.6332989010295,22.14259310438107,4.898266696617444,0.0,0.0,0.0,1.0
219,900000000,219.9,534.0628743542753,1422.4406523007776,4.8034871121532206,0.0,0.0,0.0,1.0
220,0,220.0,-446.8908073231763,3126.7372868383227,4.176192242953448,0.0,0.0,0.0,1.0
220,100000000,220.1,1492.0710873477012,-694.1958199112075,4.7440615868106875,0.0,0.0,0.0,1.0
220,200000000,220.2,-767.0830027508105,-351.44725447022665,4.87871549751091,0.0,0.0,0.0,1.0
220,300000000,220.3,1418.7527520753515,1221.0552235318073,4.684729487759228,0.0,0.0,0.0,1.0
220,400000000,220.4,706.413319884093,-1049.7139436864516,4.835198540032138,0.0,0.0,0.0,1.0
220,500000000,220.5,-981.7252733781426,542.2012145563755,4.865908755096996,0.0,0.0,0.0,1.0
220,600000000,220.6,820.0554614711023,1324.892760575055,4.76259260864515,0.0,0.0,0.0,1.0
220,700000000,220.7,527.4168051582612,184.10284378435807,4.934882860308647,0.0,0.0,0.0,1.0
220,800000000,220.8,308.0011648492579,742.3194097356384,4.945102760765963,0.0,0.0,0.0,1.0
220,900000000,220.9,193.6152794313947,2138.9046210124757,4.574217659251076,0.0,0.0,0.0,1.0
221,0,221.0,1580.046629314307,2801.512175947619,4.1124444216970915,0.0,0.0,0.0,1.0
221,100000000,221.1,34.846783743095216,2100.111868677776,4.641204312910077,0.0,0.0,0.0,1.0
221,200000000,221.2,-179.4434471791905,1117.6302780351323,4.912799559210271,0.0,0.0,0.0,1.0
221,300000000,221.3,1094.301399415639,3523.8502559039707,3.939036549246339,0.0,0.0,0.0,1.0
221,400000000,221.4,29.742294723741054,1229.4520544909872,4.853556427587591,0.0,0.0,0.0,1.0
221,500000000,221.5,872.9251634773074,-52.721841630888676,4.915919766878414,0.0,0.0,0.0,1.0
221,600000000,221.6,1676.90120579609,2445.520241279505,4.297217780920619,0.0,0.0,0.0,1.0
221,700000000,221.7,1863.427428036377,2777.541494479812,4.078901976476345,0.0,0.0,0.0,1.0
221,800000000,221.8,-1944.5185322124998,-110.6647214120531,4.669289690615656,0.0,0.0,0.0,1.0
221,900000000,221.9,-540.3707907579014,1791.8214867650877,4.694989618839713,0.0,0.0,0.0,1.0
222,0,222.0,1366.2459287260513,1486.2868736789374,4.673051856012194,0.0,0.0,0.0,1.0
222,100000000,222.1,315.1706036595122,876.7442302789509,4.8861207905943616,0.0,0.0,0.0,1.0
222,200000000,222.2,-1030.416901951717,1501.3117568273744,4.727630293119546,0.0,0.0,0.0,1.0
222,300000000,222.3,744.7114768387376,1645.352504872957,4.736781991379303,0.0,0.0,0.0,1.0
222,400000000,222.4,103.65888194029846,-542.8680072700686,4.958150454912669,0.0,0.0,0.0,1.0
222,500000000,222.5,792.8449635693898,-355.23946777854604,4.918508376737236,0.0,0.0,0.0,1.0
222,600000000,222.6,-18.272823833988582,2500.555472223886,4.475976255457908,0.0,0.0,0.0,1.0
222,700000000,222.7,423.5478354220117,92.53154300558842,4.942025232960965,0.0,0.0,0.0,1.0
222,800000000,222.8,1766.2418585009784,-833.7491208384301,4.696717714322915,0.0,0.0,0.0,1.0
222,900000000,222.9,209.8106156521838,152.72108079171412,4.942815795946643,0.0,0.0,0.0,1.0
223,0,223.0,150.22609979458886,28.96082952251129,5.005433704915372,0.0,0.0,0.0,1.0
223,100000000,223.1,511.1388434644422,223.77486263705035,4.940851185417827,0.0,0.0,0.0,1.0
223,200000000,223.2,-283.9385749427143,-63.48961188863282,4.968668229481114,0.0,0.0,0.0,1.0
223,300000000,223.3,1218.9481519757392,1172.9435029526899,4.769554616377377,0.0,0.0,0.0,1.0
223,400000000,223.4,-596.3511368525395,1366.0124491335882,4.749380564723197,0.0,0.0,0.0,1.0
223,500000000,223.5,1702.535159745783,1698.875945434485,4.507651441128473,0.0,0.0,0.0,1.0
223,600000000,223.6,48.6254286171837,-350.3492525337202,4.983566305355907,0.0,0.0,0.0,1.0
223,700000000,223.7,521.3109194225678,-355.8900432290439,4.919910173690795,0.0,0.0,0.0,1.0
223,800000000,223.8,-298.16810684404635,1857.53599533576,4.701970265653586,0.0,0.0,0.0,1.0
223,900000000,223.9,504.7661881413726,1823.1697962309604,4.688014399059512,0.0,0.0,0.0,1.0
224,0,224.0,559.5899396033146,77.07870510612867,4.980001902552246,0.0,0.0,0.0,1.0
224,100000000,224.1,307.5041967615123,208.83084235715853,4.978176791886824,0.0,0.0,0.0,1.0
224,200000000,224.2,-131.78003468629993,3174.823718681894,4.136873040596811,0.0,0.0,0.0,1.0
224,300000000,224.3,363.17752708138846,-74.74767715087923,4.980413749405685,0.0,0.0,0.0,1.0
224,400000000,224.4,317.5023980536002,1327.2887100318549,4.819927013510437,0.0,0.0,0.0,1.0
224,500000000,224.5,-270.6132064802955,2307.3554019532257,4.559110410455787,0.0,0.0,0.0,1.0
224,600000000,224.6,697.255285066284,172.37029628688737,4.933723681771255,0.0,0.0,0.0,1.0
224,700000000,224.7,-281.1934185192558,1396.1369063559541,4.791731391154258,0.0,0.0,0.0,1.0
224,800000000,224.8,-810.0141623200705,2095.234550786902,4.5878281246179995,0.0,0.0,0.0,1.0
224,900000000,224.9,732.3801924406683,946.2186875887638,4.8727183779424195,0.0,0.0,0.0,1.0
225,0,225.0,1958.9204270915275,2502.6818241967057,4.199700104228668,0.0,0.0,0.0,1.0
225,100000000,225.1,1180.4173274948462,386.8569446984487,4.8193968960380005,0.0,0.0,0.0,1.0
225,200000000,225.2,-121.65485584625137,-49.98100427255888,4.94456860256447,0.0,0.0,0.0,1.0
225,300000000,225.3,1766.824438237154,2841.786793148959,4.074356330203727,0.0,0.0,0.0,1.0
225,400000000,225.4,1187.5700500890173,-1127.1654641382206,4.784226986176918,0.0,0.0,0.0,1.0
225,500000000,225.5,2150.0663179856874,3893.45543763013,3.4314112108247627,0.0,0.0,0.0,1.0
225,600000000,225.6,-503.6207802482365,990.6567875961282,4.8716778772461,0.0,0.0,0.0,1.0
225,700000000,225.7,-676.6234958838128,1019.2182898031408,4.874409872631247,0.0,0.0,0.0,1.0
225,800000000,225.8,-767.4540942568464,1827.6604653801032,4.649313409557294,0.0,0.0,0.0,1.0
225,900000000,225.9,473.95514708480005,-108.23558139620523,4.953133213487192,0.0,0.0,0.0,1.0
226,0,226.0,257.530332245846,1637.4879728432365,4.75207176709614,0.0,0.0,0.0,1.0
226,100000000,226.1,-230.73440837861483,295.83902932870774,4.986883477399971,0.0,0.0,0.0,1.0
226,200000000,226.2,237.29772723136188,186.77599516010568,4.972889326757652,0.0,0.0,0.0,1.0
226,300000000,226.3,-332.67873854072167,2145.0773583371742,4.5752390576406015,0.0,0.0,0.0,1.0
226,400000000,226.4,1977.130742551361,688.2702483264666,4.625726483676829,0.0,0.0,0.0,1.0
226,500000000,226.5,258.7297090854065,769.1329787452055,4.943169438513451,0.0,0.0,0.0,1.0
226,600000000,226.6,1783.1302007765162,2387.981970078352,4.263032851103844,0.0,0.0,0.0,1.0
226,700000000,226.7,-303.7743477243408,1516.982732361282,4.766501990253232,0.0,0.0,0.0,1.0
226,800000000,226.8,640.8940273012747,3080.225718935505,4.195598496240564,0.0,0.0,0.0,1.0
226,900000000,226.9,313.0479141393262,661.731199538518,4.93319849466593,0.0,0.0,0.0,1.0
227,0,227.0,1004.7991934076867,3022.3296976974416,4.197529554411176,0.0,0.0,0.0,1.0
227,100000000,227.1,-398.5670378421247,1013.9561343132945,4.886533800161828,0.0,0.0,0.0,1.0
227,200000000,227.2,1507.544006667451,1166.4210658537936,4.6874887676016215,0.0,0.0,0.0,1.0
227,300000000,227.3,813.5465923150466,358.32769916431164,4.915958040702407,0.0,0.0,0.0,1.0
227,400000000,227.4,-905.7232625331644,266.7609441109564,4.913642244568592,0.0,0.0,0.0,1.0
227,500000000,227.5,359.6233737398567,-307.9739389664048,4.939599772064952,0.0,0.0,0.0,1.0
227,600000000,227.6,1541.5541000864887,2952.2994559543567,4.1036848279582046,0.0,0.0,0.0,1.0
227,700000000,227.7,-473.49407477454565,1664.1314096909152,4.733954082868081,0.0,0.0,0.0,1.0
227,800000000,227.8,861.828423065163,-1136.3869878836342,4.8115594886370445,0.0,0.0,0.0,1.0
227,900000000,227.9,498.80616611618285,2973.6287098285893,4.251016136884118,0.0,0.0,0.0,1.0
228,0,228.0,458.83852948176934,2447.988133320482,4.471311355334819,0.0,0.0,0.0,1.0
228,100000000,228.1,1596.9094127664744,1356.8996040565,4.646156128228654,0.0,0.0,0.0,1.0
228,200000000,228.2,392.55212752430873,1999.1705906557374,4.6294024983332065,0.0,0.0,0.0,1.0
228,300000000,228.3,984.8753254601636,13.451033755405096,4.885165934810727,0.0,0.0,0.0,1.0
228,400000000,228.4,738.1375282327033,2566.3554136875155,4.407811356981711,0.0,0.0,0.0,1.0
228,500000000,228.5,-661.5806349439333,2486.9764924964466,4.462426103335019,0.0,0.0,0.0,1.0
228,600000000,228.6,-305.21806369536114,880.0200537920111,4.936562163560552,0.0,0.0,0.0,1.0
228,700000000,228.7,88.09055268788643,3667.508983143374,3.9082430618771014,0.0,0.0,0.0,1.0
228,800000000,228.8,-1131.8979290194993,3634.224061898908,3.8260763741575374,0.0,0.0,0.0,1.0
228,900000000,228.9,-642.614965633495,977.4823391604466,4.879013516980081,0.0,0.0,0.0,1.0
229,0,229.0,1170.6867477735702,-423.2561296302009,4.875353500305636,0.0,0.0,0.0,1.0
229,100000000,229.1,1226.7143377502357,1446.5140344619435,4.6991949584202075,0.0,0.0,0.0,1.0
229,200000000,229.2,226.1060453592139,1459.8435554524265,4.771694953257111,0.0,0.0,0.0,1.0
229,300000000,229.3,2016.511734319291,1050.9151541142635,4.604284899913523,0.0,0.0,0.0,1.0
229,400000000,229.4,794.3223708418386,1174.2427238335417,4.820498779081504,0.0,0.0,0.0,1.0
229,500000000,229.5,52.86942605116087,1593.451993854875,4.783296892087037,0.0,0.0,0.0,1.0
229,600000000,229.6,-256.80695641666006,538.0415593827938,4.914773805204192,0.0,0.0,0.0,1.0
229,700000000,229.7,-236.78346558264099,-1799.2201157554173,4.7195685471506295,0.0,0.0,0.0,1.0
229,800000000,229.8,723.1574912017761,2262.6165928512632,4.541829056169263,0.0,0.0,0.0,1.0
229,900000000,229.9,728.8387060840274,1361.8089301173773,4.744728968912796,0.0,0.0,0.0,1.0
230,0,230.0,-1662.7342909727886,2281.825083764157,4.30864880032027,0.0,0.0,0.0,1.0
230,100000000,230.1,456.4951390490564,1454.804250014649,4.769712626768637,0.0,0.0,0.0,1.0
230,200000000,230.2,239.23857291277625,1709.025153387418,4.751954382421218,0.0,0.0,0.0,1.0
230,300000000,230.3,1969.2631046110475,1040.191337260555,4.61513966128075,0.0,0.0,0.0,1.0
230,400000000,230.4,1298.1921578808415,781.3862331774603,4.805794242878733,0.0,0.0,0.0,1.0
230,500000000,230.5,1495.8801405334007,916.025146929135,4.752278903277329,0.0,0.0,0.0,1.0
230,600000000,230.6,2280.1913777775458,2322.719037343506,4.170451093953261,0.0,0.0,0.0,1.0
230,700000000,230.7,1115.2290998466012,-688.7983155507532,4.861142659395227,0.0,0.0,0.0,1.0
230,800000000,230.8,967.8360755579214,1011.2534920723874,4.779937909885405,0.0,0.0,0.0,1.0
230,900000000,230.9,1058.5198849854125,2365.437181000061,4.452163896558886,0.0,0.0,0.0,1.0
231,0,231.0,112.01040409250731,1818.1469850409546,4.720417880505806,0.0,0.0,0.0,1.0
231,100000000,231.1,94.44300339547988,2596.871495825831,4.463723278661519,0.0,0.0,0.0,1.0
231,200000000,231.2,2118.308015876188,319.38671943767565,4.644491028769295,0.0,0.0,0.0,1.0
231,300000000,231.3,-822.1000115162988,3385.7401309685783,4.040400344444151,0.0,0.0,0.0,1.0
231,400000000,231.4,-1504.40012666252,1178.72652611392,4.694932664113139,0.0,0.0,0.0,1.0
231,500000000,231.5,-304.3079826203763,1124.8050971776167,4.851939336922669,0.0,0.0,0.0,1.0
231,600000000,231.6,1291.349018329436,-1135.0990224983996,4.742297303087867,0.0,0.0,0.0,1.0
231,700000000,231.7,914.6793899590019,2316.0031013305297,4.502601662638199,0.0,0.0,0.0,1.0
231,800000000,231.8,-191.2097403401987,-794.6535203161833,4.938419754040126,0.0,0.0,0.0,1.0
231,900000000,231.9,583.506284144047,792.0258644696173,4.898339940022424,0.0,0.0,0.0,1.0
232,0,232.0,127.38610771521299,408.4444423087601,4.977008134470395,0.0,0.0,0.0,1.0
232,100000000,232.1,408.8866523244044,1886.495623156577,4.681270355899983,0.0,0.0,0.0,1.0
232,200000000,232.2,653.5145300719503,-982.0807388960629,4.893873481734886,0.0,0.0,0.0,1.0
232,300000000,232.3,-106.46000574233284,815.9139609613565,4.916235343471101,0.0,0.0,0.0,1.0
232,400000000,232.4,524.908813036461,820.0951002924837,4.909265650272289,0.0,0.0,0.0,1.0
232,500000000,232.5,-196.6196028468223,750.8972969242304,4.949959123788005,0.0,0.0,0.0,1.0
232,600000000,232.6,698.4061882109917,1239.2114942927146,4.845748726292868,0.0,0.0,0.0,1.0
232,700000000,232.7,-826.6959174522024,848.8190666396554,4.867466307136681,0.0,0.0,0.0,1.0
232,800000000,232.8,360.18215651005653,873.0165803123807,4.902673469264073,0.0,0.0,0.0,1.0
232,900000000,232.9,518.5847533093954,3084.3850484234217,4.224514251585788,0.0,0.0,0.0,1.0
233,0,233.0,-467.21575367706384,1119.7542614431634,4.883277171620875,0.0,0.0,0.0,1.0
233,100000000,233.1,9.356981194332377,1360.4013259279634,4.843303942609282,0.0,0.0,0.0,1.0
233,200000000,233.2,-576.4582366651628,728.7535854786687,4.908110020648678,0.0,0.0,0.0,1.0
233,300000000,233.3,-351.51565979343917,2236.7756090417774,4.573158108395091,0.0,0.0,0.0,1.0
233,400000000,233.4,1051.2102383533197,2182.6608510272345,4.489986739586811,0.0,0.0,0.0,1.0
233,500000000,233.5,-647.7537547043856,1029.7640263531941,4.867629632220996,0.0,0.0,0.0,1.0
233,600000000,233.6,-405.52272446174874,1288.9824847620757,4.816816566373291,0.0,0.0,0.0,1.0
233,700000000,233.7,-492.08060482007016,1732.0163741329902,4.727138047611334,0.0,0.0,0.0,1.0
233,800000000,233.8,347.1697355211873,-904.1793795503067,4.896285714626572,0.0,0.0,0.0,1.0
233,900000000,233.9,414.8289012585023,-379.72244871362295,5.0016307511952505,0.0,0.0,0.0,1.0
234,0,234.0,1763.2105646704488,-346.68081499555007,4.726813393612929,0.0,0.0,0.0,1.0
234,100000000,234.1,1422.7433924413244,1724.848440245015,4.580223333318031,0.0,0.0,0.0,1.0
234,200000000,234.2,78.6131219738387,1409.0487381168348,4.833809777663305,0.0,0.0,0.0,1.0
234,300000000,234.3,314.8875593543252,2262.590208979333,4.586872020705641,0.0,0.0,0.0,1.0
234,400000000,234.4,38.78157502890494,855.2602611381046,4.9444498137188475,0.0,0.0,0.0,1.0
234,500000000,234.5,878.4197480897199,1176.2098856091209,4.774348274407885,0.0,0.0,0.0,1.0
234,600000000,234.6,-823.7629147881116,-1007.9069300381993,4.86485906622255,0.0,0.0,0.0,1.0
234,700000000,234.7,1985.978359307587,938.0344124138671,4.551164581222395,0.0,0.0,0.0,1.0
234,800000000,234.8,1115.4305895907046,1141.1533456687403,4.766072727408641,0.0,0.0,0.0,1.0
234,900000000,234.9,655.2495874822014,1253.0490294560827,4.793425530491845,0.0,0.0,0.0,1.0
235,0,235.0,-110.61023126970804,-1890.991234401184,4.654810405029707,0.0,0.0,0.0,1.0
235,100000000,235.1,904.7182836796876,1451.2562345101112,4.729336254967961,0.0,0.0,0.0,1.0
235,200000000,235.2,-186.17320840413424,2180.8407941722867,4.599399845695871,0.0,0.0,0.0,1.0
235,300000000,235.3,1251.6719628302446,2674.6143364803947,4.258844754339634,0.0,0.0,0.0,1.0
235,400000000,235.4,1483.7365262770204,26.316630850849904,4.805789857373256,0.0,0.0,0.0,1.0
235,500000000,235.5,1183.5058300853275,33.804691660613095,4.8693001415756765,0.0,0.0,0.0,1.0
235,600000000,235.6,990.8404970521576,-527.1353302123184,4.887617602652881,0.0,0.0,0.0,1.0
235,700000000,235.7,-170.82607152230793,605.9164912960922,4.947441651206248,0.0,0.0,0.0,1.0
235,800000000,235.8,494.05567948600225,1139.6965414181104,4.856435368669281,0.0,0.0,0.0,1.0
235,900000000,235.9,1192.7666247993436,571.034647136251,4.8656813709071685,0.0,0.0,0.0,1.0
236,0,236.0,1121.6613657300027,-773.9940388357968,4.826165813572345,0.0,0.0,0.0,1.0
236,100000000,236.1,896.7914727823911,1463.051680045121,4.72860865783025,0.0,0.0,0.0,1.0
236,200000000,236.2,628.311069997802,2115.5131933065704,4.602194165843116,0.0,0.0,0.0,1.0
236,300000000,236.3,-66.14025853928808,1144.4392737149983,4.878382001596833,0.0,0.0,0.0,1.0
236,400000000,236.4,-335.6808687970918,1830.5123922479086,4.688015330011467,0.0,0.0,0.0,1.0
236,500000000,236.5,1238.8934051661547,-1453.4436376983588,4.674113552303993,0.0,0.0,0.0,1.0
236,600000000,236.6,-117.33826242166691,1040.9748439427394,4.874144160605795,0.0,0.0,0.0,1.0
236,700000000,236.7,-81.51670195695556,3432.6825101038526,4.045124917181511,0.0,0.0,0.0,1.0
236,800000000,236.8,763.7688730156833,803.36855036161,4.847828315860511,0.0,0.0,0.0,1.0
236,900000000,236.9,31.307301511697133,576.2497455697652,4.973981931268156,0.0,0.0,0.0,1.0
237,0,237.0,830.420469100839,1796.327707637643,4.698746432885514,0.0,0.0,0.0,1.0
237,100000000,237.1,-1274.5681044676196,1827.1874935954847,4.609871765433354,0.0,0.0,0.0,1.0
237,200000000,237.2,-466.87228778836214,346.8504456932091,4.973220521428061,0.0,0.0,0.0,1.0
237,300000000,237.3,-251.0679751881336,478.0505187832116,4.947736498358466,0.0,0.0,0.0,1.0
237,400000000,237.4,607.5721006278773,-582.2695080303696,4.944058027728488,0.0,0.0,0.0,1.0
237,500000000,237.5,1003.3035472844763,-685.0068035382704,4.849272450799049,0.0,0.0,0.0,1.0
237,600000000,237.6,435.9901115193322,1011.0302400150628,4.899038977820226,0.0,0.0,0.0,1.0
237,700000000,237.7,260.552799426497,-1224.0750437554323,4.89440275006632,0.0,0.0,0.0,1.0
237,800000000,237.8,610.0265008198687,1160.9643848507494,4.83775200569778,0.0,0.0,0.0,1.0
237,900000000,237.9,890.7746450150553,1834.1300910075895,4.655857986675187,0.0,0.0,0.0,1.0
238,0,238.0,31.613244802172176,624.4247305192504,4.940153965438753,0.0,0.0,0.0,1.0
238,100000000,238.1,-993.3599260956069,453.647699950881,4.847904272727078,0.0,0.0,0.0,1.0
238,200000000,238.2,887.7745549525941,374.60963028276234,4.889967982051729,0.0,0.0,0.0,1.0
238,300000000,238.3,1268.0184064701325,3196.992422401834,4.028482320100693,0.0,0.0,0.0,1.0
238,400000000,238.4,1772.9375737242835,449.3492447203017,4.619658755831864,0.0,0.0,0.0,1.0
238,500000000,238.5,631.6544196820726,100.63439681656851,4.808425861111019,0.0,0.0,0.0,1.0
238,600000000,238.6,230.63755081463938,1996.996373714659,4.505105586293666,0.0,0.0,0.0,1.0
238,700000000,238.7,891.6509822698255,1937.554097918646,4.4188288289141155,0.0,0.0,0.0,1.0
238,800000000,238.8,432.0445826466216,2293.6063932759625,4.308963386900132,0.0,0.0,0.0,1.0
238,900000000,238.9,-436.2169614698663,241.6575217580413,4.646476773056946,0.0,0.0,0.0,1.0
239,0,239.0,1380.3991716125167,124.40596415413177,4.486608053176454,0.0,0.0,0.0,1.0
239,100000000,239.1,1359.145341152273,364.19239909931997,4.421893962456721,0.0,0.0,0.0,1.0
239,200000000,239.2,521.0398011022354,1886.277418059589,4.196213186374621,0.0,0.0,0.0,1.0
239,300000000,239.3,-117.60997221787945,107.80916759171163,4.441109975320799,0.0,0.0,0.0,1.0
239,400000000,239.4,2566.824398857064,832.1353049235742,3.8009291797429228,0.0,0.0,0.0,1.0
239,500000000,239.5,492.77330356216305,1335.8469799268635,4.183606915528458,0.0,0.0,0.0,1.0
239,600000000,239.6,-228.68461059761088,1123.4063250655786,4.229417873922898,0.0,0.0,0.0,1.0
239,700000000,239.7,639.136137534702,2567.8205351618954,3.7248304097265645,0.0,0.0,0.0,1.0
239,800000000,239.8,114.02449574473627,1111.926211839675,4.0907812188143,0.0,0.0,0.0,1.0
239,900000000,239.9,175.35501165646224,1406.2804606811733,4.004078824732687,0.0,0.0,0.0,1.0
240,0,240.0,706.1078245341444,-1414.959125422668,3.923337018830807,0.0,0.0,0.0,1.0
240,100000000,240.1,-188.1245815468088,770.5222037336431,3.9860470514851727,0.0,0.0,0.0,1.0
240,200000000,240.2,2123.3656799642176,2475.1178478974157,3.155895464216883,0.0,0.0,0.0,1.0
240,300000000,240.3,802.920363677611,2250.560156054671,3.5456120879916853,0.0,0.0,0.0,1.0
240,400000000,240.4,2166.1540334116416,244.94011397954478,3.525792065338564,0.0,0.0,0.0,1.0
240,500000000,240.5,298.92834736171784,1976.312337994647,3.5402420746236203,0.0,0.0,0.0,1.0
240,600000000,240.6,589.2125643691758,2853.8516710522035,3.1211245674576276,0.0,0.0,0.0,1.0
240,700000000,240.7,515.2538328520709,636.4577046860896,3.6829604966420675,0.0,0.0,0.0,1.0
240,800000000,240.8,720.7481129069679,270.20496034312947,3.644099072182044,0.0,0.0,0.0,1.0
240,900000000,240.9,11.09017322809612,518.1736777362011,3.6256501171952777,0.0,0.0,0.0,1.0
241,0,241.0,304.83657913449997,811.7738228010996,3.5271582718521017,0.0,0.0,0.0,1.0
241,100000000,241.1,-811.1157071348811,-722.7217376706251,3.4383246759640542,0.0,0.0,0.0,1.0
241,200000000,241.2,1280.4039063462924,1884.8428294053779,3.088823881920007,0.0,0.0,0.0,1.0
241,300000000,241.3,993.4058244234873,571.7692037409255,3.31242423346049,0.0,0.0,0.0,1.0
241,400000000,241.4,504.42209947696404,0.87706789725674,3.3530675311924476,0.0,0.0,0.0,1.0
241,500000000,241.5,-1261.9628880636042,-367.27016211492077,3.199303022384953,0.0,0.0,0.0,1.0
241,600000000,241.6,1637.6705313358714,-509.2614276154572,3.0690440696736516,0.0,0.0,0.0,1.0
241,700000000,241.7,1266.9667717081418,1275.5211786279258,2.994302089632015,0.0,0.0,0.0,1.0
241,800000000,241.8,1350.6605727384976,2520.6112099116885,2.5583776158716773,0.0,0.0,0.0,1.0
241,900000000,241.9,1475.3429733822757,393.29402132064314,2.9546178501541647,0.0,0.0,0.0,1.0
242,0,242.0,-558.149616137683,771.0408359787306,3.0362241439127615,0.0,0.0,0.0,1.0
242,100000000,242.1,35.89077541493191,1814.9089672092268,2.7897187627322637,0.0,0.0,0.0,1.0
242,200000000,242.2,1785.1837204325302,1094.6031887099748,2.684784071064314,0.0,0.0,0.0,1.0
242,300000000,242.3,-217.78109101973638,2070.942262281368,2.618398239258795,0.0,0.0,0.0,1.0
242,400000000,242.4,2100.2694770548087,-78.01187771768548,2.5510767877881193,0.0,0.0,0.0,1.0
242,500000000,242.5,-620.7888145502322,272.0167871491612,2.824635977565322,0.0,0.0,0.0,1.0
242,600000000,242.6,2282.1071916947312,2163.600117792608,2.063258130477493,0.0,0.0,0.0,1.0
242,700000000,242.7,205.47140798958497,106.94399146879724,2.774001329046513,0.0,0.0,0.0,1.0
242,800000000,242.8,405.53923893925423,247.03216824007387,2.672512510275439,0.0,0.0,0.0,1.0
242,900000000,242.9,-260.91688431826793,374.4414241891896,2.6568907858596447,0.0,0.0,0.0,1.0
243,0,243.0,586.2327289505243,222.92727296914913,2.5789539737106537,0.0,0.0,0.0,1.0
243,100000000,243.1,-63.24574700483484,18.769358930234617,2.5308129729920523,0.0,0.0,0.0,1.0
243,200000000,243.2,-1061.856690727017,2068.239589615425,2.101479810056162,0.0,0.0,0.0,1.0
243,300000000,243.3,-920.5752556981267,776.936319035874,2.354586200289532,0.0,0.0,0.0,1.0
243,400000000,243.4,-440.4414961184395,1570.9158277698104,2.178541949733699,0.0,0.0,0.0,1.0
243,500000000,243.5,-1705.3859113699637,-1659.6020952994602,1.8914753228402787,0.0,0.0,0.0,1.0
243,600000000,243.6,148.85822878029157,402.4038392864959,2.309646223753788,0.0,0.0,0.0,1.0
243,700000000,243.7,1037.8870341921229,-1480.0183796118122,2.021592002240027,0.0,0.0,0.0,1.0
243,800000000,243.8,2284.5831584365787,-356.09349980921854,1.826013221744887,0.0,0.0,0.0,1.0
243,900000000,243.9,558.3309974127053,1951.5924831418138,1.8260426905378608,0.0,0.0,0.0,1.0
244,0,244.0,953.7190352295263,-1034.0103275498564,1.937048411243552,0.0,0.0,0.0,1.0
244,100000000,244.1,230.63830896978175,1082.6301529029236,1.942376623680616,0.0,0.0,0.0,1.0
244,200000000,244.2,447.5255645279473,2550.3786718157126,1.4781144898063303,0.0,0.0,0.0,1.0
244,300000000,244.3,1297.5431568740553,1088.6440487567527,1.7131887392841918,0.0,0.0,0.0,1.0
244,400000000,244.4,-1108.3268797503754,638.1298409302749,1.7697770768684222,0.0,0.0,0.0,1.0
244,500000000,244.5,344.32239455561125,1907.3018204640503,1.5677660311165482,0.0,0.0,0.0,1.0
244,600000000,244.6,1188.324048021646,1799.076995846432,1.4267767959703406,0.0,0.0,0.0,1.0
244,700000000,244.7,700.4037434900004,-1555.1551644515112,1.5448859556495336,0.0,0.0,0.0,1.0
244,800000000,244.8,544.7296766764587,-419.0486876140901,1.651437526514485,0.0,0.0,0.0,1.0
244,900000000,244.9,977.7431828898827,740.426443119646,1.5360097054656876,0.0,0.0,0.0,1.0
245,0,245.0,-532.5098319155217,470.56273938887716,1.5641124817639707,0.0,0.0,0.0,1.0
245,100000000,245.1,138.92001705858024,2623.481611163172,1.0022838120362394,0.0,0.0,0.0,1.0
245,200000000,245.2,547.810219028022,1034.0660650718407,1.3890923709297454,0.0,0.0,0.0,1.0
245,300000000,245.3,55.6847181659173,735.7519450004879,1.418553022402989,0.0,0.0,0.0,1.0
245,400000000,245.4,486.1661859652457,-942.0762515532058,1.3620426026147925,0.0,0.0,0.0,1.0
245,500000000,245.5,-1015.685567638378,1308.1795627101174,1.1391455439446645,0.0,0.0,0.0,1.0
245,600000000,245.6,1302.0119376145374,624.163371654045,1.117815326340633,0.0,0.0,0.0,1.0
245,700000000,245.7,1553.7647928040647,1729.5511224304232,0.840347621272258,0.0,0.0,0.0,1.0
245,800000000,245.8,1104.1403360271877,417.13540877327785,1.1092709431466687,0.0,0.0,0.0,1.0
245,900000000,245.9,261.09425593357685,315.65006131068026,1.1388392938786467,0.0,0.0,0.0,1.0
246,0,246.0,-406.59096940186447,375.3354298760253,1.0669667284567197,0.0,0.0,0.0,1.0
246,100000000,246.1,-371.9258522538405,350.59442063700374,1.0270521409924527,0.0,0.0,0.0,1.0
246,200000000,246.2,-993.887517906866,1916.3094977080825,0.6321716066389627,0.0,0.0,0.0,1.0
246,300000000,246.3,-1720.696602073994,489.3846445391513,0.7112219884616025,0.0,0.0,0.0,1.0
246,400000000,246.4,355.8167841485343,2494.941248129406,0.37704057598898544,0.0,0.0,0.0,1.0
246,500000000,246.5,-391.067889580528,3338.028637862764,-0.01742052107078962,0.0,0.0,0.0,1.0
246,600000000,246.6,2041.545609179453,745.8639491494826,0.41884970872456506,0.0,0.0,0.0,1.0
246,700000000,246.7,-250.71057876700144,1282.4139223079824,0.640924222808053,0.0,0.0,0.0,1.0
246,800000000,246.8,1243.2656335701522,3215.8685908318457,-0.2708057143431688,0.0,0.0,0.0,1.0
246,900000000,246.9,1173.0334731090425,1981.0708306697645,0.26177591477107853,0.0,0.0,0.0,1.0
247,0,247.0,-208.59535756428258,-353.0519367388082,0.6086908548686552,0.0,0.0,0.0,1.0
247,100000000,247.1,1039.91207372607,433.8689689215827,0.41939447092474325,0.0,0.0,0.0,1.0
247,200000000,247.2,1042.343544549519,-178.3502011074239,0.4196306664273095,0.0,0.0,0.0,1.0
247,300000000,247.3,-322.50972800014756,-392.60330187788986,0.45420144600240064,0.0,0.0,0.0,1.0
247,400000000,247.4,608.7556950353328,1283.9635968038838,0.24990624947167817,0.0,0.0,0.0,1.0
247,500000000,247.5,1247.2050985380479,473.2781834531023,0.19556042894438974,0.0,0.0,0.0,1.0
247,600000000,247.6,-331.22572740332294,1527.3283560784532,0.09983971350050069,0.0,0.0,0.0,1.0
247,700000000,247.7,136.09581078961588,746.9465460432804,0.1821586210849091,0.0,0.0,0.0,1.0
247,800000000,247.8,414.4912394922066,709.4735575696425,0.0986844299616223,0.0,0.0,0.0,1.0
247,900000000,247.9,382.1494316933248,675.0983812000547,0.09619060767931842,0.0,0.0,0.0,1.0
248,0,248.0,-207.97854429316396,1597.1550829455887,-0.07338613735691979,0.0,0.0,0.0,1.0
248,100000000,248.1,2969.098534441221,973.0363019216161,-0.6839290546357688,0.0,0.0,0.0,1.0
248,200000000,248.2,-85.74431708851287,1087.9724007730854,-0.06357542188300158,0.0,0.0,0.0,1.0
248,300000000,248.3,-34.8508893255796,1816.9494301727636,-0.26574246793904877,0.0,0.0,0.0,1.0
248,400000000,248.4,1161.7142896656794,759.4901432207171,-0.19737825773705708,0.0,0.0,0.0,1.0
248,500000000,248.5,312.0291197193106,149.55766639764013,-0.028858194393563963,0.0,0.0,0.0,1.0
248,600000000,248.6,372.6381198035304,441.68416229434973,-0.04569518527480909,0.0,0.0,0.0,1.0
248,700000000,248.7,421.72197352271803,325.7368337767509,-0.06078402520748227,0.0,0.0,0.0,1.0
248,800000000,248.8,1317.2377405609736,1052.9999267160144,-0.22535805889901894,0.0,0.0,0.0,1.0
248,900000000,248.9,-5.91695999147592,527.8950128838806,-0.021391483616582718,0.0,0.0,0.0,1.0
249,0,249.0,1184.0588230065277,1664.302367843657,-0.3365648545128579,0.0,0.0,0.0,1.0
249,100000000,249.1,-437.4509184746081,697.6887520229049,-0.08110863742740548,0.0,0.0,0.0,1.0
249,200000000,249.2,1208.7689436276482,1011.8881374985976,-0.24807069965714845,0.0,0.0,0.0,1.0
249,300000000,249.3,-54.96557722233325,1191.0667901800227,-0.12569719488658393,0.0,0.0,0.0,1.0
249,400000000,249.4,-250.7074944928434,1935.5310201987177,-0.34062986215008095,0.0,0.0,0.0,1.0
249,500000000,249.5,728.1676319937228,2166.4958996285577,-0.4348951842335964,0.0,0.0,0.0,1.0
249,600000000,249.6,571.4939464057967,-1708.4239016789027,-0.287472977221114,0.0,0.0,0.0,1.0
249,700000000,249.7,1162.3552922482404,-1517.3812849725032,-0.325671462306218,0.0,0.0,0.0,1.0
249,800000000,249.8,1174.8937829936679,1105.7097195766419,-0.243852566100486,0.0,0.0,0.0,1.0
249,900000000,249.9,-120.15315191931701,543.5899312727092,-0.0307281708460323,0.0,0.0,0.0,1.0
250,0,250.0,-10.82493954660248,1062.5636972258508,-0.09861433586308976,0.0,0.0,0.0,1.0
250,100000000,250.1,-156.35087940058816,-159.0510057817724,0.0036261184315264927,0.0,0.0,0.0,1.0
250,200000000,250.2,788.3384212311148,490.4513312050222,-0.12173087445671626,0.0,0.0,0.0,1.0
250,300000000,250.3,1337.3606027303922,660.5044284382864,-0.20340277217678704,0.0,0.0,0.0,1.0
250,400000000,250.4,-869.3210778136005,1733.039577655095,-0.3310229440146486,0.0,0.0,0.0,1.0
250,500000000,250.5,174.30093286847705,555.6968446937699,-0.05918321906983692,0.0,0.0,0.0,1.0
250,600000000,250.6,611.034400600069,1240.0889326588926,-0.1815523404054602,0.0,0.0,0.0,1.0
250,700000000,250.7,1306.1383151265552,860.5183176966768,-0.20981943235995004,0.0,0.0,0.0,1.0
250,800000000,250.8,1083.8228422107256,634.9406643628174,-0.15282017073940324,0.0,0.0,0.0,1.0
250,900000000,250.9,793.383647014894,-317.4591187732751,-0.06946420657163799,0.0,0.0,0.0,1.0
251,0,251.0,310.59854929622844,-1450.6789258526542,-0.21081151170380963,0.0,0.0,0.0,1.0
251,100000000,251.1,12.74996932777566,1780.5500538223455,-0.2943148466818002,0.0,0.0,0.0,1.0
251,200000000,251.2,44.33927712932734,1927.6473210052611,-0.3112727517653866,0.0,0.0,0.0,1.0
251,300000000,251.3,2085.3214517593933,1719.36186450832,-0.5939904883525742,0.0,0.0,0.0,1.0
251,400000000,251.4,1173.354088933579,2431.7858097467406,-0.6418779317696135,0.0,0.0,0.0,1.0
251,500000000,251.5,1144.706817607281,777.3078649424588,-0.18829389984887257,0.0,0.0,0.0,1.0
251,600000000,251.6,940.3061052933194,738.7735585870639,-0.17139454404122034,0.0,0.0,0.0,1.0
251,700000000,251.7,-914.8218390033593,694.723086219459,-0.16985458812001752,0.0,0.0,0.0,1.0
251,800000000,251.8,1445.1161062247393,-463.242558231501,-0.19118663768583133,0.0,0.0,0.0,1.0
251,900000000,251.9,715.6835865006938,669.2116561605293,-0.07433693480373904,0.0,0.0,0.0,1.0
252,0,252.0,1408.0436221948426,1482.5098572950715,-0.35148959408275005,0.0,0.0,0.0,1.0
252,100000000,252.1,576.9493170754981,596.655209035348,-0.09280381658174974,0.0,0.0,0.0,1.0
252,200000000,252.2,1644.1960812660286,2284.1839539027305,-0.6332403133901607,0.0,0.0,0.0,1.0
252,300000000,252.3,822.383194353947,2056.4067772691938,-0.43717655253794874,0.0,0.0,0.0,1.0
252,400000000,252.4,493.81519593953396,1825.144990060548,-0.2964594273755665,0.0,0.0,0.0,1.0
252,500000000,252.5,-884.6601158690942,1256.9458815629566,-0.1978504608230196,0.0,0.0,0.0,1.0
252,600000000,252.6,282.09375557513306,-555.4557658436383,-0.06902882823595746,0.0,0.0,0.0,1.0
252,700000000,252.7,496.382215311034,130.1560519087884,-0.0680996980758195,0.0,0.0,0.0,1.0
252,800000000,252.8,216.53569185198424,440.2229323714782,-0.026300261895158883,0.0,0.0,0.0,1.0
252,900000000,252.9,647.3145133218759,1071.499454472273,-0.179850585227598,0.0,0.0,0.0,1.0
253,0,253.0,1364.3493526977848,2363.0467288262075,-0.6409955829799401,0.0,0.0,0.0,1.0
253,100000000,253.1,-899.8335372301372,-591.2080924479156,-0.140104848978865,0.0,0.0,0.0,1.0
253,200000000,253.2,-384.59167904278263,2714.3770274318335,-0.6092642625767439,0.0,0.0,0.0,1.0
253,300000000,253.3,-266.2781612799795,2149.061387306476,-0.4059889862409136,0.0,0.0,0.0,1.0
253,400000000,253.4,635.23877827099,181.40523890558146,-0.04010584659438621,0.0,0.0,0.0,1.0
253,500000000,253.5,352.42116018376186,-200.84029483330136,-0.04312666697327927,0.0,0.0,0.0,1.0
253,600000000,253.6,947.9701080159996,761.8581287986817,-0.1556118275752283,0.0,0.0,0.0,1.0
253,700000000,253.7,670.1217298265294,889.5531349955945,-0.09341986157346582,0.0,0.0,0.0,1.0
253,800000000,253.8,-720.956379140797,516.517489270983,-0.07891179367030077,0.0,0.0,0.0,1.0
253,900000000,253.9,524.8487337743921,1498.6820294814188,-0.23161137653846708,0.0,0.0,0.0,1.0
254,0,254.0,418.87102912223025,1454.7363946006326,-0.20190395334645928,0.0,0.0,0.0,1.0
254,100000000,254.1,-261.9102245219714,-279.7845453280694,-0.034682406806155086,0.0,0.0,0.0,1.0
254,200000000,254.2,120.44704848341479,9.30455969276818,0.004962389938036438,0.0,0.0,0.0,1.0
